Round,Wk,Day,Date,Time,Home,xG,Score,xG.1,Away,Attendance,Venue,Referee,Match Report,Notes
Championship,1,Fri,2024-08-09,20:00 (03:00),Blackburn,2.1,4–2,1.1,Derby County,17975,Ewood Park,Joshua Smith,Match Report,
Championship,1,Fri,2024-08-09,20:00 (03:00),Preston,0.6,0–2,1.0,Sheffield Utd,17948,Deepdale Stadium,Robert Madley,Match Report,
Championship,1,Sat,2024-08-10,12:30 (19:30),Millwall,2.0,2–3,1.1,Watford,16456,The Den,John Busby,Match Report,
Championship,1,Sat,2024-08-10,12:30 (19:30),Cardiff City,1.0,0–2,1.8,Sunderland,21401,Cardiff City Stadium,Andrew Davies,Match Report,
Championship,1,Sat,2024-08-10,12:30 (19:30),QPR,0.8,1–3,1.5,West Brom,16587,MATRADE Loftus Road Stadium,David Webb,Match Report,
Championship,1,Sat,2024-08-10,12:30 (19:30),Middlesbrough,2.8,1–0,0.5,Swansea City,26610,Riverside Stadium,Samuel Allison,Match Report,
Championship,1,Sat,2024-08-10,12:30 (19:30),Hull City,1.7,1–1,1.2,Bristol City,21011,MKM Stadium,Keith Stroud,Match Report,
Championship,1,Sat,2024-08-10,12:30 (19:30),Oxford United,0.9,2–0,0.8,Norwich City,11333,The Kassam Stadium,Andrew Kitchen,Match Report,
Championship,1,Sat,2024-08-10,12:30 (19:30),Leeds United,3.3,3–3,0.9,Portsmouth,36432,Elland Road,Oliver Langford,Match Report,
Championship,1,Sat,2024-08-10,12:30 (19:30),Stoke City,0.9,1–0,0.7,Coventry City,25037,bet365 Stadium,Gavin Ward,Match Report,
Championship,1,Sun,2024-08-11,16:00 (23:00),Sheffield Weds,4.4,4–0,0.2,Plymouth Argyle,29535,Hillsborough Stadium,Lewis Smith,Match Report,
Championship,1,Mon,2024-08-12,20:00 (03:00),Luton Town,1.4,1–4,1.5,Burnley,11777,Kenilworth Road Stadium,Matt Donohue,Match Report,
,,,,,,,,,,,,,,
Championship,2,Fri,2024-08-16,20:00 (03:00),Coventry City,2.9,3–2,0.9,Oxford United,28051,Coventry Building Society Arena,David Coote,Match Report,
Championship,2,Sat,2024-08-17,12:30 (19:30),Portsmouth,0.9,0–0,0.9,Luton Town,20293,Fratton Park,John Busby,Match Report,
Championship,2,Sat,2024-08-17,12:30 (19:30),West Brom,0.7,0–0,0.7,Leeds United,25329,The Hawthorns,Samuel Allison,Match Report,
Championship,2,Sat,2024-08-17,12:30 (19:30),Derby County,1.0,1–0,1.6,Middlesbrough,29443,Pride Park Stadium,Robert Madley,Match Report,
Championship,2,Sat,2024-08-17,15:00 (22:00),Bristol City,2.7,4–3,2.1,Millwall,20733,Ashton Gate Stadium,Sunny Gill,Match Report,
Championship,2,Sat,2024-08-17,15:00 (22:00),Swansea City,2.3,3–0,0.8,Preston,14037,Swansea.com Stadium,Stephen Martin,Match Report,
Championship,2,Sat,2024-08-17,15:00 (22:00),Burnley,0.8,5–0,0.6,Cardiff City,19759,Turf Moor,Michael Salisbury,Match Report,
Championship,2,Sat,2024-08-17,15:00 (22:00),Plymouth Argyle,0.7,1–1,0.8,Hull City,16306,Home Park,Leigh Doughty,Match Report,
Championship,2,Sat,2024-08-17,15:00 (22:00),Norwich City,2.1,2–2,0.8,Blackburn,26400,Carrow Road,James Bell,Match Report,
Championship,2,Sat,2024-08-17,15:00 (22:00),Sheffield Utd,1.6,2–2,0.7,QPR,27527,Bramall Lane,Anthony Backhouse,Match Report,
Championship,2,Sat,2024-08-17,15:00 (22:00),Watford,2.2,3–0,0.8,Stoke City,18789,Vicarage Road Stadium,Tom Nield,Match Report,
Championship,2,Sun,2024-08-18,12:00 (19:00),Sunderland,1.6,4–0,0.4,Sheffield Weds,40022,Stadium of Light,Dean Whitestone,Match Report,
,,,,,,,,,,,,,,
Championship,3,Fri,2024-08-23,20:00 (03:00),Sheffield Weds,0.4,0–2,1.2,Leeds United,28800,Hillsborough Stadium,Simon Hooper,Match Report,
Championship,3,Sat,2024-08-24,12:30 (19:30),QPR,2.4,1–1,0.1,Plymouth Argyle,15285,MATRADE Loftus Road Stadium,Gavin Ward,Match Report,
Championship,3,Sat,2024-08-24,12:30 (19:30),Hull City,0.8,0–0,0.8,Millwall,20009,MKM Stadium,David Webb,Match Report,
Championship,3,Sat,2024-08-24,12:30 (19:30),Bristol City,0.7,1–1,0.6,Coventry City,21454,Ashton Gate Stadium,Andrew Kitchen,Match Report,
Round,Wk,Day,Date,Time,Home,xG,Score,xG,Away,Attendance,Venue,Referee,Match Report,Notes
Championship,3,Sat,2024-08-24,15:00 (22:00),Sunderland,0.7,1–0,0.1,Burnley,40096,Stadium of Light,Steve Martin,Match Report,
Championship,3,Sat,2024-08-24,15:00 (22:00),Preston,0.3,1–0,1.6,Luton Town,15245,Deepdale Stadium,Dean Whitestone,Match Report,
Championship,3,Sat,2024-08-24,15:00 (22:00),Watford,1.1,2–1,0.7,Derby County,18911,Vicarage Road Stadium,Geoff Eltringham,Match Report,
Championship,3,Sat,2024-08-24,15:00 (22:00),Blackburn,0.8,2–1,0.9,Oxford United,14769,Ewood Park,Lewis Smith,Match Report,
Championship,3,Sat,2024-08-24,15:00 (22:00),Stoke City,1.8,1–2,1.5,West Brom,24371,bet365 Stadium,James Bell,Match Report,
Championship,3,Sat,2024-08-24,15:00 (22:00),Middlesbrough,2.7,2–2,1.0,Portsmouth,26270,Riverside Stadium,Matt Donohue,Match Report,
Championship,3,Sat,2024-08-24,15:00 (22:00),Norwich City,1.0,1–1,0.8,Sheffield Utd,26373,Carrow Road,Joshua Smith,Match Report,
Championship,3,Sun,2024-08-25,15:00 (22:00),Swansea City,1.3,1–1,0.8,Cardiff City,20174,Swansea.com Stadium,Oliver Langford,Match Report,
,,,,,,,,,,,,,,
Championship,4,Fri,2024-08-30,20:00 (03:00),Luton Town,1.4,1–2,0.9,QPR,11798,Kenilworth Road Stadium,Robert Madley,Match Report,
Championship,4,Sat,2024-08-31,12:30 (19:30),Cardiff City,0.5,0–2,0.8,Middlesbrough,18000,Cardiff City Stadium,David Webb,Match Report,
Championship,4,Sat,2024-08-31,12:30 (19:30),Burnley,0.8,1–1,0.3,Blackburn,21042,Turf Moor,Tony Harrington,Match Report,
Championship,4,Sat,2024-08-31,12:30 (19:30),Coventry City,1.1,0–1,0.4,Norwich City,27353,Coventry Building Society Arena,Andrew Davies,Match Report,
Championship,4,Sat,2024-08-31,15:00 (22:00),Portsmouth,0.4,1–3,2.0,Sunderland,20231,Fratton Park,Samuel Allison,Match Report,
Championship,4,Sat,2024-08-31,15:00 (22:00),Derby County,1.6,3–0,1.2,Bristol City,29270,Pride Park Stadium,Tom Nield,Match Report,
Championship,4,Sat,2024-08-31,15:00 (22:00),Leeds United,1.5,2–0,0.5,Hull City,36517,Elland Road,Gavin Ward,Match Report,
Championship,4,Sat,2024-08-31,15:00 (22:00),Oxford United,1.8,3–1,1.0,Preston,11403,The Kassam Stadium,Keith Stroud,Match Report,
Championship,4,Sat,2024-08-31,15:00 (22:00),West Brom,2.3,1–0,0.5,Swansea City,24975,The Hawthorns,Anthony Backhouse,Match Report,
Championship,4,Sat,2024-08-31,15:00 (22:00),Millwall,3.0,3–0,0.1,Sheffield Weds,14905,The Den,Leigh Doughty,Match Report,
Championship,4,Sat,2024-08-31,15:00 (22:00),Plymouth Argyle,0.8,0–1,1.5,Stoke City,16934,Home Park,Oliver Langford,Match Report,
Championship,4,Sun,2024-09-01,15:00 (22:00),Sheffield Utd,2.2,1–0,0.8,Watford,26914,Bramall Lane,Andrew Kitchen,Match Report,
,,,,,,,,,,,,,,
Championship,5,Fri,2024-09-13,20:00 (03:00),Hull City,1.4,0–2,0.7,Sheffield Utd,22403,MKM Stadium,Peter Bankes,Match Report,
Championship,5,Sat,2024-09-14,12:30 (19:30),Oxford United,1.1,1–0,0.5,Stoke City,11507,The Kassam Stadium,Dean Whitestone,Match Report,
Championship,5,Sat,2024-09-14,12:30 (19:30),Leeds United,1.2,0–1,0.6,Burnley,36405,Elland Road,James Bell,Match Report,
Championship,5,Sat,2024-09-14,12:30 (19:30),Millwall,1.0,0–1,0.6,Luton Town,14804,The Den,Joshua Smith,Match Report,
Championship,5,Sat,2024-09-14,15:00 (22:00),Swansea City,0.7,1–0,1.1,Norwich City,14097,Swansea.com Stadium,John Busby,Match Report,
Championship,5,Sat,2024-09-14,15:00 (22:00),Derby County,1.5,1–0,0.3,Cardiff City,28985,Pride Park Stadium,Matt Donohue,Match Report,
Championship,5,Sat,2024-09-14,15:00 (22:00),Sheffield Weds,0.7,1–1,1.2,QPR,26283,Hillsborough Stadium,Oliver Langford,Match Report,
Championship,5,Sat,2024-09-14,15:00 (22:00),Blackburn,1.0,3–0,0.7,Bristol City,14087,Ewood Park,Stephen Martin,Match Report,
Round,Wk,Day,Date,Time,Home,xG,Score,xG,Away,Attendance,Venue,Referee,Match Report,Notes
Championship,5,Sat,2024-09-14,15:00 (22:00),Watford,2.0,1–1,2.6,Coventry City,19441,Vicarage Road Stadium,Robert Madley,Match Report,
Championship,5,Sat,2024-09-14,15:00 (22:00),Plymouth Argyle,1.7,3–2,1.7,Sunderland,16967,Home Park,John Brooks,Match Report,
Championship,5,Sat,2024-09-14,15:00 (22:00),Middlesbrough,1.6,1–1,0.4,Preston,25116,Riverside Stadium,Tom Nield,Match Report,
Championship,5,Sun,2024-09-15,15:00 (22:00),Portsmouth,0.7,0–3,2.1,West Brom,20205,Fratton Park,Leigh Doughty,Match Report,
,,,,,,,,,,,,,,
Championship,6,Fri,2024-09-20,20:00 (03:00),Stoke City,1.0,1–3,1.9,Hull City,23366,bet365 Stadium,Ben Toner,Match Report,
Championship,6,Sat,2024-09-21,12:30 (19:30),QPR,0.8,1–1,1.9,Millwall,15350,MATRADE Loftus Road Stadium,John Busby,Match Report,
Championship,6,Sat,2024-09-21,12:30 (19:30),Norwich City,2.7,4–1,1.7,Watford,26438,Carrow Road,Anthony Backhouse,Match Report,
Championship,6,Sat,2024-09-21,12:30 (19:30),Sunderland,1.1,1–0,1.3,Middlesbrough,42781,Stadium of Light,Simon Hooper,Match Report,
Championship,6,Sat,2024-09-21,15:00 (22:00),West Brom,2.6,1–0,0.8,Plymouth Argyle,25754,The Hawthorns,Andrew Kitchen,Match Report,
Championship,6,Sat,2024-09-21,15:00 (22:00),Luton Town,2.0,2–1,0.8,Sheffield Weds,11805,Kenilworth Road Stadium,Gavin Ward,Match Report,
Championship,6,Sat,2024-09-21,15:00 (22:00),Bristol City,2.3,2–1,1.7,Oxford United,28125,Ashton Gate Stadium,Will Finnie,Match Report,
Championship,6,Sat,2024-09-21,15:00 (22:00),Sheffield Utd,1.1,1–0,0.0,Derby County,28685,Bramall Lane,Andy Madley,Match Report,
Championship,6,Sat,2024-09-21,15:00 (22:00),Burnley,1.0,2–1,1.4,Portsmouth,20476,Turf Moor,David Webb,Match Report,
Championship,6,Sat,2024-09-21,15:00 (22:00),Coventry City,1.6,1–2,0.7,Swansea City,26273,Coventry Building Society Arena,James Linington,Match Report,
Championship,6,Sat,2024-09-21,15:00 (22:00),Cardiff City,0.1,0–2,2.9,Leeds United,23207,Cardiff City Stadium,Joshua Smith,Match Report,
Championship,6,Sun,2024-09-22,12:00 (19:00),Preston,0.3,0–0,0.8,Blackburn,20945,Deepdale Stadium,Matt Donohue,Match Report,
,,,,,,,,,,,,,,
Championship,7,Fri,2024-09-27,20:00 (03:00),Plymouth Argyle,1.6,3–1,1.7,Luton Town,16616,Home Park,John Busby,Match Report,
Championship,7,Sat,2024-09-28,12:30 (19:30),Blackburn,2.2,2–0,0.5,QPR,13789,Ewood Park,Craig Pawson,Match Report,
Championship,7,Sat,2024-09-28,12:30 (19:30),Derby County,1.4,2–3,1.9,Norwich City,28915,Pride Park Stadium,Oliver Langford,Match Report,
Championship,7,Sat,2024-09-28,12:30 (19:30),Sheffield Weds,1.2,3–2,1.0,West Brom,26308,Hillsborough Stadium,Ben Toner,Match Report,
Championship,7,Sat,2024-09-28,15:00 (22:00),Leeds United,1.7,3–0,0.4,Coventry City,36625,Elland Road,Gavin Ward,Match Report,
Championship,7,Sat,2024-09-28,15:00 (22:00),Watford,1.9,2–1,1.0,Sunderland,20335,Vicarage Road Stadium,Andrew Davies,Match Report,
Championship,7,Sat,2024-09-28,15:00 (22:00),Millwall,2.6,3–1,1.1,Preston,13674,The Den,Darren Bond,Match Report,
Championship,7,Sat,2024-09-28,15:00 (22:00),Middlesbrough,2.4,2–0,0.7,Stoke City,24610,Riverside Stadium,Stephen Martin,Match Report,
Championship,7,Sat,2024-09-28,15:00 (22:00),Oxford United,0.1,0–0,1.5,Burnley,11517,The Kassam Stadium,Robert Madley,Match Report,
Championship,7,Sat,2024-09-28,15:00 (22:00),Portsmouth,0.5,0–0,0.5,Sheffield Utd,20330,Fratton Park,Matt Donohue,Match Report,
Championship,7,Sat,2024-09-28,15:00 (22:00),Hull City,2.3,4–1,1.7,Cardiff City,22665,MKM Stadium,Leigh Doughty,Match Report,
Championship,7,Sun,2024-09-29,15:00 (22:00),Swansea City,0.9,1–1,2.0,Bristol City,16328,Swansea.com Stadium,Joshua Smith,Match Report,
Round,Wk,Day,Date,Time,Home,xG,Score,xG,Away,Attendance,Venue,Referee,Match Report,Notes
,,,,,,,,,,,,,,
Championship,8,Tue,2024-10-01,19:45 (02:45),Burnley,1.4,1–0,0.6,Plymouth Argyle,18779,Turf Moor,Robert Madley,Match Report,
Championship,8,Tue,2024-10-01,19:45 (02:45),QPR,2.3,1–3,1.7,Hull City,13407,MATRADE Loftus Road Stadium,Thomas Kirk,Match Report,
Championship,8,Tue,2024-10-01,19:45 (02:45),Sunderland,1.0,2–0,0.9,Derby County,39017,Stadium of Light,Dean Whitestone,Match Report,
Championship,8,Tue,2024-10-01,19:45 (02:45),Luton Town,1.3,2–2,1.7,Oxford United,11397,Kenilworth Road Stadium,James Bell,Match Report,
Championship,8,Tue,2024-10-01,19:45 (02:45),Coventry City,1.2,3–0,0.5,Blackburn,24583,Coventry Building Society Arena,John Busby,Match Report,
Championship,8,Tue,2024-10-01,19:45 (02:45),Cardiff City,0.8,1–0,1.3,Millwall,15687,Cardiff City Stadium,Gavin Ward,Match Report,
Championship,8,Tue,2024-10-01,19:45 (02:45),Norwich City,1.4,1–1,0.9,Leeds United,26261,Carrow Road,Stephen Martin,Match Report,
Championship,8,Tue,2024-10-01,20:00 (03:00),West Brom,1.4,0–1,1.3,Middlesbrough,23769,The Hawthorns,David Webb,Match Report,
Championship,8,Wed,2024-10-02,19:45 (02:45),Stoke City,2.5,6–1,1.3,Portsmouth,20824,bet365 Stadium,Tom Nield,Match Report,
Championship,8,Wed,2024-10-02,19:45 (02:45),Sheffield Utd,1.7,1–0,0.9,Swansea City,25112,Bramall Lane,Leigh Doughty,Match Report,
Championship,8,Wed,2024-10-02,19:45 (02:45),Preston,2.7,3–0,1.4,Watford,13602,Deepdale Stadium,Andrew Kitchen,Match Report,
Championship,8,Wed,2024-10-02,20:00 (03:00),Bristol City,0.9,0–0,0.3,Sheffield Weds,20293,Ashton Gate Stadium,Anthony Backhouse,Match Report,
,,,,,,,,,,,,,,
Championship,9,Fri,2024-10-04,20:00 (03:00),Sunderland,1.6,2–2,2.3,Leeds United,41769,Stadium of Light,Tim Robinson,Match Report,
Championship,9,Sat,2024-10-05,12:30 (19:30),Burnley,0.5,0–0,0.8,Preston,20816,Turf Moor,Gavin Ward,Match Report,
Championship,9,Sat,2024-10-05,12:30 (19:30),Portsmouth,2.0,1–1,1.9,Oxford United,20125,Fratton Park,Lewis Smith,Match Report,
Championship,9,Sat,2024-10-05,12:30 (19:30),Norwich City,3.8,4–0,1.0,Hull City,26326,Carrow Road,Tom Nield,Match Report,
Championship,9,Sat,2024-10-05,15:00 (22:00),Plymouth Argyle,1.7,2–1,0.7,Blackburn,16635,Home Park,James Linington,Match Report,
Championship,9,Sat,2024-10-05,15:00 (22:00),Watford,1.0,2–1,1.8,Middlesbrough,20002,Vicarage Road Stadium,Matt Donohue,Match Report,
Championship,9,Sat,2024-10-05,15:00 (22:00),Swansea City,2.0,0–0,0.9,Stoke City,14546,Swansea.com Stadium,Andrew Davies,Match Report,
Championship,9,Sat,2024-10-05,15:00 (22:00),Sheffield Utd,1.4,2–0,0.4,Luton Town,27925,Bramall Lane,John Brooks,Match Report,
Championship,9,Sat,2024-10-05,15:00 (22:00),Derby County,1.0,2–0,0.5,QPR,29305,Pride Park Stadium,David Webb,Match Report,
Championship,9,Sat,2024-10-05,15:00 (22:00),Coventry City,0.7,1–2,1.5,Sheffield Weds,28671,Coventry Building Society Arena,Dean Whitestone,Match Report,
Championship,9,Sat,2024-10-05,15:00 (22:00),West Brom,0.7,0–0,0.5,Millwall,24158,The Hawthorns,Will Finnie,Match Report,
Championship,9,Sun,2024-10-06,15:00 (22:00),Bristol City,1.0,1–1,1.3,Cardiff City,22664,Ashton Gate Stadium,Robert Madley,Match Report,
,,,,,,,,,,,,,,
Championship,10,Fri,2024-10-18,20:00 (03:00),Leeds United,1.2,2–0,0.2,Sheffield Utd,36695,Elland Road,Lewis Smith,Match Report,
Championship,10,Sat,2024-10-19,12:30 (19:30),Oxford United,0.9,1–1,0.7,West Brom,11453,The Kassam Stadium,Leigh Doughty,Match Report,
Championship,10,Sat,2024-10-19,12:30 (19:30),Cardiff City,2.5,5–0,0.5,Plymouth Argyle,20634,Cardiff City Stadium,Andrew Kitchen,Match Report,
Round,Wk,Day,Date,Time,Home,xG,Score,xG,Away,Attendance,Venue,Referee,Match Report,Notes
Championship,10,Sat,2024-10-19,12:30 (19:30),Luton Town,1.3,3–0,0.5,Watford,11758,Kenilworth Road Stadium,Stephen Martin,Match Report,
Championship,10,Sat,2024-10-19,12:30 (19:30),Preston,2.0,1–0,1.0,Coventry City,15907,Deepdale Stadium,Joshua Smith,Match Report,
Championship,10,Sat,2024-10-19,15:00 (22:00),Millwall,1.9,1–1,0.7,Derby County,17321,The Den,Stuart Attwell,Match Report,
Championship,10,Sat,2024-10-19,15:00 (22:00),QPR,1.0,1–2,1.3,Portsmouth,17438,MATRADE Loftus Road Stadium,James Linington,Match Report,
Championship,10,Sat,2024-10-19,15:00 (22:00),Stoke City,1.0,1–1,1.5,Norwich City,23002,bet365 Stadium,Anthony Backhouse,Match Report,
Championship,10,Sat,2024-10-19,15:00 (22:00),Middlesbrough,1.6,0–2,0.8,Bristol City,24438,Riverside Stadium,Samuel Allison,Match Report,
Championship,10,Sat,2024-10-19,15:00 (22:00),Sheffield Weds,1.5,0–2,1.7,Burnley,28105,Hillsborough Stadium,Michael Salisbury,Match Report,
Championship,10,Sat,2024-10-19,15:00 (22:00),Blackburn,0.8,1–0,1.1,Swansea City,13550,Ewood Park,David Webb,Match Report,
Championship,10,Sun,2024-10-20,15:00 (22:00),Hull City,0.5,0–1,1.0,Sunderland,23072,MKM Stadium,Robert Madley,Match Report,
,,,,,,,,,,,,,,
Championship,11,Tue,2024-10-22,19:45 (02:45),Stoke City,0.9,2–2,2.4,Bristol City,19679,bet365 Stadium,David Webb,Match Report,
Championship,11,Tue,2024-10-22,19:45 (02:45),Oxford United,0.4,1–1,1.1,Derby County,11423,The Kassam Stadium,Gavin Ward,Match Report,
Championship,11,Tue,2024-10-22,19:45 (02:45),Leeds United,1.8,2–1,0.7,Watford,34968,Elland Road,Anthony Backhouse,Match Report,
Championship,11,Tue,2024-10-22,19:45 (02:45),Preston,1.6,2–2,0.7,Norwich City,13677,Deepdale Stadium,Will Finnie,Match Report,
Championship,11,Tue,2024-10-22,19:45 (02:45),Cardiff City,2.5,2–0,0.7,Portsmouth,18534,Cardiff City Stadium,Oliver Langford,Match Report,
Championship,11,Tue,2024-10-22,19:45 (02:45),Sheffield Weds,0.6,0–0,0.8,Swansea City,22452,Hillsborough Stadium,Matt Donohue,Match Report,
Championship,11,Tue,2024-10-22,20:00 (03:00),QPR,0.7,1–1,0.7,Coventry City,14173,MATRADE Loftus Road Stadium,James Bell,Match Report,
Championship,11,Wed,2024-10-23,19:45 (02:45),Millwall,1.2,1–0,0.6,Plymouth Argyle,13954,The Den,Samuel Allison,Match Report,
Championship,11,Wed,2024-10-23,19:45 (02:45),Luton Town,1.7,1–2,0.7,Sunderland,11332,Kenilworth Road Stadium,Tom Nield,Match Report,
Championship,11,Wed,2024-10-23,19:45 (02:45),Blackburn,0.9,0–0,0.4,West Brom,13647,Ewood Park,John Busby,Match Report,
Championship,11,Wed,2024-10-23,19:45 (02:45),Hull City,0.9,1–1,0.7,Burnley,20168,MKM Stadium,Dean Whitestone,Match Report,
Championship,11,Wed,2024-10-23,20:00 (03:00),Middlesbrough,1.4,1–0,0.4,Sheffield Utd,24303,Riverside Stadium,Andrew Davies,Match Report,
,,,,,,,,,,,,,,
Championship,12,Fri,2024-10-25,20:00 (03:00),Portsmouth,0.7,1–2,1.1,Sheffield Weds,20262,Fratton Park,Tim Robinson,Match Report,
Championship,12,Sat,2024-10-26,12:30 (19:30),Bristol City,0.1,0–0,1.4,Leeds United,25283,Ashton Gate Stadium,James Linington,Match Report,
Championship,12,Sat,2024-10-26,12:30 (19:30),Coventry City,3.2,3–2,1.7,Luton Town,26409,Coventry Building Society Arena,Robert Madley,Match Report,
Championship,12,Sat,2024-10-26,12:30 (19:30),Watford,2.1,1–0,1.4,Blackburn,18880,Vicarage Road Stadium,Darren England,Match Report,
Championship,12,Sat,2024-10-26,15:00 (22:00),Burnley,1.2,0–0,0.1,QPR,19187,Turf Moor,Andrew Kitchen,Match Report,
Championship,12,Sat,2024-10-26,15:00 (22:00),Plymouth Argyle,1.1,3–3,2.1,Preston,16443,Home Park,Andrew Davies,Match Report,
Championship,12,Sat,2024-10-26,15:00 (22:00),Sheffield Utd,1.3,2–0,0.5,Stoke City,28575,Bramall Lane,Ben Toner,Match Report,
Round,Wk,Day,Date,Time,Home,xG,Score,xG,Away,Attendance,Venue,Referee,Match Report,Notes
Championship,12,Sat,2024-10-26,15:00 (22:00),Sunderland,1.2,2–0,0.2,Oxford United,40654,Stadium of Light,Oliver Langford,Match Report,
Championship,12,Sat,2024-10-26,15:00 (22:00),Swansea City,1.9,0–1,0.3,Millwall,15119,Swansea.com Stadium,John Busby,Match Report,
Championship,12,Sat,2024-10-26,15:00 (22:00),West Brom,1.6,0–0,0.7,Cardiff City,25312,The Hawthorns,Joshua Smith,Match Report,
Championship,12,Sat,2024-10-26,15:00 (22:00),Derby County,0.6,1–1,1.1,Hull City,29877,Pride Park Stadium,Tom Nield,Match Report,
Championship,12,Sun,2024-10-27,15:00 (23:00),Norwich City,1.1,3–3,3.3,Middlesbrough,26487,Carrow Road,James Bell,Match Report,
,,,,,,,,,,,,,,
Championship,13,Fri,2024-11-01,20:00 (04:00),Luton Town,0.9,1–1,0.7,West Brom,11665,Kenilworth Road Stadium,Dean Whitestone,Match Report,
Championship,13,Sat,2024-11-02,12:30 (20:30),Oxford United,1.5,1–2,2.5,Swansea City,11454,The Kassam Stadium,Michael Salisbury,Match Report,
Championship,13,Sat,2024-11-02,12:30 (20:30),Blackburn,0.6,0–2,2.2,Sheffield Utd,16810,Ewood Park,Oliver Langford,Match Report,
Championship,13,Sat,2024-11-02,12:30 (20:30),Stoke City,2.2,2–1,0.6,Derby County,24511,bet365 Stadium,Joshua Smith,Match Report,
Championship,13,Sat,2024-11-02,15:00 (23:00),Cardiff City,0.6,2–1,1.5,Norwich City,19032,Cardiff City Stadium,Lewis Smith,Match Report,
Championship,13,Sat,2024-11-02,15:00 (23:00),Sheffield Weds,1.5,2–6,4.1,Watford,25693,Hillsborough Stadium,Samuel Allison,Match Report,
Championship,13,Sat,2024-11-02,15:00 (23:00),Preston,0.6,1–3,1.3,Bristol City,14261,Deepdale Stadium,Tom Nield,Match Report,
Championship,13,Sat,2024-11-02,15:00 (23:00),Hull City,1.4,1–1,0.8,Portsmouth,21904,MKM Stadium,Anthony Backhouse,Match Report,
Championship,13,Sat,2024-11-02,15:00 (23:00),QPR,1.4,0–0,0.9,Sunderland,16754,MATRADE Loftus Road Stadium,Ben Toner,Match Report,
Championship,13,Sat,2024-11-02,15:00 (23:00),Middlesbrough,0.9,0–3,2.5,Coventry City,24921,Riverside Stadium,Thomas Bramall,Match Report,
Championship,13,Sat,2024-11-02,15:00 (23:00),Leeds United,1.8,3–0,0.0,Plymouth Argyle,36066,Elland Road,David Webb,Match Report,
Championship,13,Sun,2024-11-03,15:00 (23:00),Millwall,1.0,1–0,0.2,Burnley,14245,The Den,Gavin Ward,Match Report,
,,,,,,,,,,,,,,
Championship,14,Tue,2024-11-05,19:45 (03:45),QPR,0.6,1–4,2.2,Middlesbrough,14054,MATRADE Loftus Road Stadium,Oliver Langford,Match Report,
Championship,14,Tue,2024-11-05,19:45 (03:45),Sheffield Weds,2.0,2–0,0.4,Norwich City,22731,Hillsborough Stadium,Stephen Martin,Match Report,
Championship,14,Tue,2024-11-05,19:45 (03:45),Bristol City,1.5,1–2,1.2,Sheffield Utd,18736,Ashton Gate Stadium,John Busby,Match Report,
Championship,14,Tue,2024-11-05,19:45 (03:45),Oxford United,0.6,1–0,1.1,Hull City,10213,The Kassam Stadium,Will Finnie,Match Report,
Championship,14,Tue,2024-11-05,20:00 (04:00),Plymouth Argyle,0.9,1–0,0.8,Portsmouth,16647,Home Park,James Bell,Match Report,
Championship,14,Tue,2024-11-05,20:00 (04:00),Swansea City,2.0,1–0,0.4,Watford,12869,Swansea.com Stadium,Joshua Smith,Match Report,
Championship,14,Wed,2024-11-06,19:45 (03:45),Blackburn,2.8,0–2,2.3,Stoke City,13144,Ewood Park,Andrew Davies,Match Report,
Championship,14,Wed,2024-11-06,19:45 (03:45),Millwall,0.2,1–0,0.7,Leeds United,16693,The Den,Leigh Doughty,Match Report,
Championship,14,Wed,2024-11-06,19:45 (03:45),Coventry City,1.2,1–2,0.5,Derby County,27243,Coventry Building Society Arena,Samuel Allison,Match Report,
Championship,14,Wed,2024-11-06,20:00 (04:00),Preston,1.5,0–0,0.7,Sunderland,18064,Deepdale Stadium,Lewis Smith,Match Report,
Championship,14,Wed,2024-11-06,20:00 (04:00),Luton Town,1.0,1–0,0.4,Cardiff City,10656,Kenilworth Road Stadium,Matt Donohue,Match Report,
Round,Wk,Day,Date,Time,Home,xG,Score,xG,Away,Attendance,Venue,Referee,Match Report,Notes
Championship,14,Thu,2024-11-07,20:00 (04:00),West Brom,0.8,0–0,1.1,Burnley,23443,The Hawthorns,Tom Nield,Match Report,
,,,,,,,,,,,,,,
Championship,15,Fri,2024-11-08,20:00 (04:00),Watford,1.7,1–0,1.4,Oxford United,20268,Vicarage Road Stadium,Anthony Backhouse,Match Report,
Championship,15,Sat,2024-11-09,12:30 (20:30),Stoke City,0.7,1–1,1.8,Millwall,21060,bet365 Stadium,Will Finnie,Match Report,
Championship,15,Sat,2024-11-09,12:30 (20:30),Middlesbrough,1.3,5–1,0.3,Luton Town,23692,Riverside Stadium,Tony Harrington,Match Report,
Championship,15,Sat,2024-11-09,12:30 (20:30),Cardiff City,1.6,1–3,2.4,Blackburn,17188,Cardiff City Stadium,Gavin Ward,Match Report,
Championship,15,Sat,2024-11-09,15:00 (23:00),Portsmouth,2.2,3–1,0.7,Preston,20295,Fratton Park,John Busby,Match Report,
Championship,15,Sat,2024-11-09,15:00 (23:00),Leeds United,2.1,2–0,0.3,QPR,36011,Elland Road,Matt Donohue,Match Report,
Championship,15,Sat,2024-11-09,15:00 (23:00),Norwich City,0.4,0–2,0.9,Bristol City,26423,Carrow Road,Farai Hallam,Match Report,
Championship,15,Sat,2024-11-09,15:00 (23:00),Derby County,1.1,1–1,0.1,Plymouth Argyle,29652,Pride Park Stadium,Simon Hooper,Match Report,
Championship,15,Sat,2024-11-09,15:00 (23:00),Sunderland,0.7,2–2,0.6,Coventry City,43374,Stadium of Light,Leigh Doughty,Match Report,
Championship,15,Sun,2024-11-10,12:30 (20:30),Sheffield Utd,0.5,1–0,0.4,Sheffield Weds,31127,Bramall Lane,Lewis Smith,Match Report,
Championship,15,Sun,2024-11-10,13:00 (21:00),Hull City,1.2,1–2,1.2,West Brom,20538,MKM Stadium,Andrew Kitchen,Match Report,
Championship,15,Sun,2024-11-10,15:00 (23:00),Burnley,1.8,1–0,0.8,Swansea City,18717,Turf Moor,David Webb,Match Report,
,,,,,,,,,,,,,,
Championship,16,Fri,2024-11-22,20:00 (04:00),Plymouth Argyle,0.4,2–2,2.3,Watford,16400,Home Park,Andrew Davies,Match Report,
Championship,16,Sat,2024-11-23,12:30 (20:30),Bristol City,0.7,0–1,1.4,Burnley,20800,Ashton Gate Stadium,Robert Madley,Match Report,
Championship,16,Sat,2024-11-23,12:30 (20:30),Sheffield Weds,2.8,1–1,1.3,Cardiff City,23974,Hillsborough Stadium,Andrew Kitchen,Match Report,
Championship,16,Sat,2024-11-23,12:30 (20:30),Coventry City,2.1,2–2,1.3,Sheffield Utd,28057,Coventry Building Society Arena,Darren Bond,Match Report,
Championship,16,Sat,2024-11-23,15:00 (23:00),QPR,2.1,1–1,1.2,Stoke City,15688,MATRADE Loftus Road Stadium,Gavin Ward,Match Report,
Championship,16,Sat,2024-11-23,15:00 (23:00),Millwall,1.3,1–1,1.0,Sunderland,18385,The Den,John Busby,Match Report,
Championship,16,Sat,2024-11-23,15:00 (23:00),Luton Town,0.8,1–0,1.5,Hull City,11386,Kenilworth Road Stadium,Thomas Bramall,Match Report,
Championship,16,Sat,2024-11-23,15:00 (23:00),Preston,0.3,1–1,0.5,Derby County,16646,Deepdale Stadium,David Webb,Match Report,
Championship,16,Sat,2024-11-23,15:00 (23:00),Oxford United,0.6,2–6,3.5,Middlesbrough,11442,The Kassam Stadium,Joshua Smith,Match Report,
Championship,16,Sat,2024-11-23,15:00 (23:00),West Brom,1.7,2–2,1.4,Norwich City,25673,The Hawthorns,Lewis Smith,Match Report,
Championship,16,Sun,2024-11-24,15:00 (23:00),Swansea City,1.3,3–4,2.2,Leeds United,17125,Swansea.com Stadium,Dean Whitestone,Match Report,
,,,,,,,,,,,,,,
Championship,17,Tue,2024-11-26,19:45 (03:45),Watford,0.4,1–0,0.7,Bristol City,17579,Vicarage Road Stadium,James Linington,Match Report,
Championship,17,Tue,2024-11-26,19:45 (03:45),Burnley,1.0,2–0,0.1,Coventry City,18293,Turf Moor,Anthony Backhouse,Match Report,
Championship,17,Tue,2024-11-26,19:45 (03:45),Sheffield Utd,3.6,3–0,0.3,Oxford United,25574,Bramall Lane,Leigh Doughty,Match Report,
Round,Wk,Day,Date,Time,Home,xG,Score,xG,Away,Attendance,Venue,Referee,Match Report,Notes
Championship,17,Tue,2024-11-26,19:45 (03:45),Stoke City,0.7,0–0,0.8,Preston,19805,bet365 Stadium,Matt Donohue,Match Report,
Championship,17,Tue,2024-11-26,19:45 (03:45),Norwich City,3.1,6–1,0.6,Plymouth Argyle,25893,Carrow Road,Sunny Gill,Match Report,
Championship,17,Tue,2024-11-26,19:45 (03:45),Hull City,1.0,0–2,2.2,Sheffield Weds,21297,MKM Stadium,Oliver Langford,Match Report,
Championship,17,Tue,2024-11-26,20:00 (04:00),Sunderland,0.9,0–0,0.4,West Brom,36733,Stadium of Light,Robert Madley,Match Report,
Championship,17,Wed,2024-11-27,19:45 (03:45),Cardiff City,1.2,0–2,0.9,QPR,16205,Cardiff City Stadium,Stephen Martin,Match Report,
Championship,17,Wed,2024-11-27,19:45 (03:45),Middlesbrough,0.7,0–1,1.4,Blackburn,22751,Riverside Stadium,James Bell,Match Report,
Championship,17,Wed,2024-11-27,19:45 (03:45),Leeds United,2.1,3–0,0.9,Luton Town,35340,Elland Road,Samuel Allison,Match Report,
Championship,17,Wed,2024-11-27,20:00 (04:00),Derby County,3.4,1–2,0.2,Swansea City,25141,Pride Park Stadium,Ben Toner,Match Report,
,,,,,,,,,,,,,,
Championship,18,Fri,2024-11-29,20:00 (04:00),Sheffield Utd,0.9,1–0,1.7,Sunderland,28465,Bramall Lane,Gavin Ward,Match Report,
Championship,18,Sat,2024-11-30,12:30 (20:30),Middlesbrough,1.8,3–1,1.2,Hull City,24121,Riverside Stadium,Stephen Martin,Match Report,
Championship,18,Sat,2024-11-30,12:30 (20:30),Watford,0.8,0–0,2.2,QPR,20413,Vicarage Road Stadium,Andrew Kitchen,Match Report,
Championship,18,Sat,2024-11-30,12:30 (20:30),Oxford United,0.9,1–1,0.9,Millwall,10990,The Kassam Stadium,Anthony Backhouse,Match Report,
Championship,18,Sat,2024-11-30,13:30 (21:30),Blackburn,2.2,1–0,1.4,Leeds United,21942,Ewood Park,Lewis Smith,Match Report,
Championship,18,Sat,2024-11-30,15:00 (23:00),Stoke City,1.0,0–2,3.0,Burnley,22994,bet365 Stadium,Oliver Langford,Match Report,
Championship,18,Sat,2024-11-30,15:00 (23:00),Swansea City,2.8,2–2,1.3,Portsmouth,15404,Swansea.com Stadium,Will Finnie,Match Report,
Championship,18,Sat,2024-11-30,15:00 (23:00),Coventry City,2.5,2–2,0.7,Cardiff City,27137,Coventry Building Society Arena,James Bell,Match Report,
Championship,18,Sat,2024-11-30,15:00 (23:00),Norwich City,1.8,4–2,1.5,Luton Town,26719,Carrow Road,Joshua Smith,Match Report,
Championship,18,Sat,2024-11-30,15:00 (23:00),Bristol City,3.2,4–0,0.2,Plymouth Argyle,24317,Ashton Gate Stadium,Tim Robinson,Match Report,
Championship,18,Sat,2024-11-30,15:00 (23:00),Preston,0.9,1–1,0.5,West Brom,16124,Deepdale Stadium,Thomas Bramall,Match Report,
Championship,18,Sun,2024-12-01,15:00 (23:00),Derby County,1.8,1–2,0.9,Sheffield Weds,29212,Pride Park Stadium,John Busby,Match Report,
,,,,,,,,,,,,,,
Championship,19,Fri,2024-12-06,20:00 (04:00),Burnley,0.6,1–1,1.1,Middlesbrough,20543,Turf Moor,Andrew Kitchen,Match Report,
Championship,19,Sat,2024-12-07,12:30 (20:30),Sunderland,2.4,2–1,1.0,Stoke City,39311,Stadium of Light,Craig Pawson,Match Report,
Championship,19,Sat,2024-12-07,12:30 (20:30),Leeds United,1.2,2–0,0.2,Derby County,36468,Elland Road,Matt Donohue,Match Report,
Championship,19,Sat,2024-12-07,12:30 (20:30),Sheffield Weds,1.5,1–1,3.0,Preston,23927,Hillsborough Stadium,Robert Madley,Match Report,
Championship,19,Sat,2024-12-07,15:00 (23:00),Hull City,1.0,0–1,0.3,Blackburn,20544,MKM Stadium,Thomas Kirk,Match Report,
Championship,19,Sat,2024-12-07,15:00 (23:00),QPR,0.8,3–0,0.3,Norwich City,15688,MATRADE Loftus Road Stadium,Anthony Backhouse,Match Report,
Championship,19,Sat,2024-12-07,15:00 (23:00),Millwall,0.5,0–1,1.7,Coventry City,16460,The Den,Thomas Bramall,Match Report,
Championship,19,Sat,2024-12-07,15:00 (23:00),Portsmouth,2.4,3–0,1.2,Bristol City,20415,Fratton Park,Sunny Gill,Match Report,
Round,Wk,Day,Date,Time,Home,xG,Score,xG,Away,Attendance,Venue,Referee,Match Report,Notes
Championship,19,Sat,2024-12-07,15:15 (23:15),Luton Town,1.2,1–1,2.1,Swansea City,11264,Kenilworth Road Stadium,James Bell,Match Report,
Championship,19,Sun,2024-12-08,15:00 (23:00),West Brom,0.8,2–2,1.7,Sheffield Utd,24930,The Hawthorns,David Webb,Match Report,
,,,,,,,,,,,,,,
Championship,20,Tue,2024-12-10,19:45 (03:45),Luton Town,2.1,2–1,1.3,Stoke City,10537,Kenilworth Road Stadium,Tom Nield,Match Report,
Championship,20,Tue,2024-12-10,19:45 (03:45),Sheffield Weds,0.9,0–1,0.9,Blackburn,22703,Hillsborough Stadium,Joshua Smith,Match Report,
Championship,20,Tue,2024-12-10,19:45 (03:45),Burnley,1.3,0–0,0.6,Derby County,18813,Turf Moor,Andrew Davies,Match Report,
Championship,20,Tue,2024-12-10,19:45 (03:45),Plymouth Argyle,1.2,1–2,1.9,Swansea City,15305,Home Park,Stephen Martin,Match Report,
Championship,20,Tue,2024-12-10,19:45 (03:45),Portsmouth,0.8,0–0,0.3,Norwich City,20151,Fratton Park,Andrew Kitchen,Match Report,
Championship,20,Tue,2024-12-10,19:45 (03:45),Sunderland,1.6,1–1,0.4,Bristol City,35421,Stadium of Light,Dean Whitestone,Match Report,
Championship,20,Tue,2024-12-10,20:00 (04:00),Leeds United,2.0,3–1,0.5,Middlesbrough,36422,Elland Road,Ben Toner,Match Report,
Championship,20,Wed,2024-12-11,19:45 (03:45),Cardiff City,0.7,0–2,1.1,Preston,15006,Cardiff City Stadium,James Linington,Match Report,
Championship,20,Wed,2024-12-11,19:45 (03:45),Millwall,0.9,0–1,1.4,Sheffield Utd,12734,The Den,Matt Donohue,Match Report,
Championship,20,Wed,2024-12-11,19:45 (03:45),QPR,0.7,2–0,0.1,Oxford United,14440,MATRADE Loftus Road Stadium,Adam Herczeg,Match Report,
Championship,20,Wed,2024-12-11,19:45 (03:45),Hull City,1.5,1–1,1.2,Watford,18694,MKM Stadium,Leigh Doughty,Match Report,
Championship,20,Wed,2024-12-11,20:00 (04:00),West Brom,0.5,2–0,2.2,Coventry City,24859,The Hawthorns,John Busby,Match Report,
,,,,,,,,,,,,,,
Championship,21,Fri,2024-12-13,20:00 (04:00),Derby County,1.8,4–0,0.6,Portsmouth,26980,Pride Park Stadium,Oliver Langford,Match Report,
Championship,21,Sat,2024-12-14,12:30 (20:30),Bristol City,2.0,1–1,0.3,QPR,20925,Ashton Gate Stadium,Lewis Smith,Match Report,
Championship,21,Sat,2024-12-14,12:30 (20:30),Coventry City,3.2,2–1,0.9,Hull City,25528,Coventry Building Society Arena,Robert Madley,Match Report,
Championship,21,Sat,2024-12-14,12:30 (20:30),Preston,0.6,1–1,2.2,Leeds United,19508,Deepdale Stadium,John Busby,Match Report,
Championship,21,Sat,2024-12-14,15:00 (23:00),Swansea City,1.0,2–3,1.0,Sunderland,15791,Swansea.com Stadium,Andrew Davies,Match Report,
Championship,21,Sat,2024-12-14,15:00 (23:00),Stoke City,1.8,2–2,1.8,Cardiff City,20847,bet365 Stadium,Joshua Smith,Match Report,
Championship,21,Sat,2024-12-14,15:00 (23:00),Blackburn,1.7,2–0,0.9,Luton Town,13857,Ewood Park,Michael Salisbury,Match Report,
Championship,21,Sat,2024-12-14,15:00 (23:00),Middlesbrough,1.1,1–0,1.3,Millwall,23445,Riverside Stadium,Geoff Eltringham,Match Report,
Championship,21,Sat,2024-12-14,15:00 (23:00),Sheffield Utd,1.3,2–0,1.1,Plymouth Argyle,27237,Bramall Lane,Farai Hallam,Match Report,
Championship,21,Sat,2024-12-14,15:00 (23:00),Oxford United,1.4,1–3,1.9,Sheffield Weds,11567,The Kassam Stadium,Stephen Martin,Match Report,
Championship,21,Sun,2024-12-15,14:00 (22:00),Watford,1.4,2–1,1.4,West Brom,19774,Vicarage Road Stadium,Gavin Ward,Match Report,
Championship,21,Sun,2024-12-15,15:00 (23:00),Norwich City,1.1,1–2,0.5,Burnley,26218,Carrow Road,Andy Madley,Match Report,
,,,,,,,,,,,,,,
Championship,22,Fri,2024-12-20,20:00 (04:00),Luton Town,1.0,2–1,0.6,Derby County,11667,Kenilworth Road Stadium,Andrew Kitchen,Match Report,
Round,Wk,Day,Date,Time,Home,xG,Score,xG,Away,Attendance,Venue,Referee,Match Report,Notes
Championship,22,Sat,2024-12-21,12:30 (20:30),Hull City,1.4,2–1,0.8,Swansea City,20024,MKM Stadium,Thomas Bramall,Match Report,
Championship,22,Sat,2024-12-21,12:30 (20:30),Sheffield Weds,1.5,2–0,2.1,Stoke City,26743,Hillsborough Stadium,Samuel Allison,Match Report,
Championship,22,Sat,2024-12-21,12:30 (20:30),Portsmouth,2.1,4–1,1.7,Coventry City,20330,Fratton Park,Dean Whitestone,Match Report,
Championship,22,Sat,2024-12-21,15:00 (23:00),Burnley,1.2,2–1,0.6,Watford,19601,Turf Moor,James Linington,Match Report,
Championship,22,Sat,2024-12-21,15:00 (23:00),QPR,2.1,2–1,0.3,Preston,15323,MATRADE Loftus Road Stadium,Matt Donohue,Match Report,
Championship,22,Sat,2024-12-21,15:00 (23:00),Millwall,1.0,1–0,0.5,Blackburn,14009,The Den,David Webb,Match Report,
Championship,22,Sat,2024-12-21,15:00 (23:00),Leeds United,2.9,4–0,0.9,Oxford United,36646,Elland Road,James Bell,Match Report,
Championship,22,Sat,2024-12-21,15:00 (23:00),Cardiff City,0.3,0–2,0.8,Sheffield Utd,18312,Cardiff City Stadium,Darren Bond,Match Report,
Championship,22,Sat,2024-12-21,15:00 (23:00),Plymouth Argyle,2.9,3–3,1.9,Middlesbrough,16550,Home Park,Will Finnie,Match Report,
Championship,22,Sat,2024-12-21,15:00 (23:00),Sunderland,0.8,2–1,0.7,Norwich City,40114,Stadium of Light,Leigh Doughty,Match Report,
Championship,22,Sun,2024-12-22,15:00 (23:00),West Brom,1.8,2–0,0.7,Bristol City,25910,The Hawthorns,Thomas Kirk,Match Report,
,,,,,,,,,,,,,,
Championship,23,Thu,2024-12-26,15:00 (23:00),Watford,1.5,2–1,0.2,Portsmouth,20696,Vicarage Road Stadium,Geoff Eltringham,Match Report,
Championship,23,Thu,2024-12-26,15:00 (23:00),Norwich City,2.0,2–1,0.4,Millwall,26060,Carrow Road,Tom Nield,Match Report,
Championship,23,Thu,2024-12-26,15:00 (23:00),Middlesbrough,1.2,3–3,1.8,Sheffield Weds,32147,Riverside Stadium,Anthony Backhouse,Match Report,
Championship,23,Thu,2024-12-26,15:00 (23:00),Preston,0.6,1–0,0.7,Hull City,16521,Deepdale Stadium,Joshua Smith,Match Report,
Championship,23,Thu,2024-12-26,15:00 (23:00),Oxford United,1.5,3–2,0.6,Cardiff City,11494,The Kassam Stadium,Gavin Ward,Match Report,
Championship,23,Thu,2024-12-26,15:00 (23:00),Coventry City,2.0,4–0,0.3,Plymouth Argyle,29420,Coventry Building Society Arena,Adam Herczeg,Match Report,
Championship,23,Thu,2024-12-26,15:00 (23:00),Blackburn,1.8,2–2,1.4,Sunderland,24961,Ewood Park,Robert Madley,Match Report,
Championship,23,Thu,2024-12-26,15:00 (23:00),Sheffield Utd,0.8,0–2,0.7,Burnley,30580,Bramall Lane,Oliver Langford,Match Report,
Championship,23,Thu,2024-12-26,15:00 (23:00),Bristol City,0.3,1–0,0.7,Luton Town,21828,Ashton Gate Stadium,Peter Bankes,Match Report,
Championship,23,Thu,2024-12-26,15:00 (23:00),Swansea City,1.6,3–0,0.4,QPR,15843,Swansea.com Stadium,Ben Toner,Match Report,
Championship,23,Thu,2024-12-26,17:30 (01:30),Derby County,0.7,2–1,1.3,West Brom,31267,Pride Park Stadium,Jarred Gillett,Match Report,
Championship,23,Thu,2024-12-26,20:00 (04:00),Stoke City,0.3,0–2,2.2,Leeds United,24738,bet365 Stadium,Stephen Martin,Match Report,
,,,,,,,,,,,,,,
Championship,24,Sun,2024-12-29,12:30 (20:30),Sheffield Utd,1.3,1–1,1.0,West Brom,29123,Bramall Lane,Stuart Attwell,Match Report,
Championship,24,Sun,2024-12-29,12:30 (20:30),Norwich City,2.1,1–1,0.2,QPR,26563,Carrow Road,Samuel Barrott,Match Report,
Championship,24,Sun,2024-12-29,12:30 (20:30),Preston,2.9,3–1,1.1,Sheffield Weds,19950,Deepdale Stadium,Sunny Gill,Match Report,
Championship,24,Sun,2024-12-29,15:00 (23:00),Watford,1.0,1–2,1.5,Cardiff City,19916,Vicarage Road Stadium,Samuel Allison,Match Report,
Championship,24,Sun,2024-12-29,15:00 (23:00),Oxford United,1.1,2–0,0.6,Plymouth Argyle,11438,The Kassam Stadium,David Webb,Match Report,
Round,Wk,Day,Date,Time,Home,xG,Score,xG,Away,Attendance,Venue,Referee,Match Report,Notes
Championship,24,Sun,2024-12-29,15:00 (23:00),Blackburn,1.2,0–1,1.1,Hull City,16245,Ewood Park,Dean Whitestone,Match Report,
Championship,24,Sun,2024-12-29,15:00 (23:00),Stoke City,0.8,1–0,2.0,Sunderland,23654,bet365 Stadium,James Bell,Match Report,
Championship,24,Sun,2024-12-29,15:00 (23:00),Swansea City,2.4,2–1,0.6,Luton Town,16414,Swansea.com Stadium,Farai Hallam,Match Report,
Championship,24,Sun,2024-12-29,15:00 (23:00),Coventry City,0.4,0–0,0.6,Millwall,28216,Coventry Building Society Arena,Andrew Kitchen,Match Report,
Championship,24,Sun,2024-12-29,15:00 (23:00),Bristol City,3.0,3–0,0.2,Portsmouth,24560,Ashton Gate Stadium,John Busby,Match Report,
Championship,24,Sun,2024-12-29,17:45 (01:45),Derby County,0.3,0–1,2.6,Leeds United,32240,Pride Park Stadium,Andrew Davies,Match Report,
Championship,24,Sun,2024-12-29,20:00 (04:00),Middlesbrough,0.5,0–0,0.7,Burnley,27686,Riverside Stadium,Joshua Smith,Match Report,
,,,,,,,,,,,,,,
Championship,25,Wed,2025-01-01,12:30 (20:30),Plymouth Argyle,1.6,2–2,1.7,Bristol City,17005,Home Park,Tim Robinson,Match Report,
Championship,25,Wed,2025-01-01,12:30 (20:30),QPR,1.5,3–1,0.7,Watford,17268,MATRADE Loftus Road Stadium,Stephen Martin,Match Report,
Championship,25,Wed,2025-01-01,13:00 (21:00),Millwall,0.9,0–1,0.7,Oxford United,14964,The Den,Ruebyn Ricardo,Match Report,
Championship,25,Wed,2025-01-01,15:00 (23:00),Portsmouth,1.7,4–0,1.1,Swansea City,20427,Fratton Park,James Linington,Match Report,
Championship,25,Wed,2025-01-01,15:00 (23:00),Cardiff City,1.1,1–1,2.3,Coventry City,19045,Cardiff City Stadium,Geoff Eltringham,Match Report,
Championship,25,Wed,2025-01-01,15:00 (23:00),Luton Town,1.0,0–1,0.5,Norwich City,11828,Kenilworth Road Stadium,Jarred Gillett,Match Report,
Championship,25,Wed,2025-01-01,15:00 (23:00),West Brom,1.1,3–1,0.8,Preston,24320,The Hawthorns,Robert Madley,Match Report,
Championship,25,Wed,2025-01-01,15:00 (23:00),Leeds United,1.2,1–1,0.5,Blackburn,36645,Elland Road,Oliver Langford,Match Report,
Championship,25,Wed,2025-01-01,15:00 (23:00),Sheffield Weds,2.1,4–2,2.5,Derby County,31056,Hillsborough Stadium,Lewis Smith,Match Report,
Championship,25,Wed,2025-01-01,15:00 (23:00),Burnley,1.4,0–0,1.2,Stoke City,20119,Turf Moor,Gavin Ward,Match Report,
Championship,25,Wed,2025-01-01,17:30 (01:30),Hull City,0.3,0–1,0.9,Middlesbrough,21585,MKM Stadium,Leigh Doughty,Match Report,
Championship,25,Wed,2025-01-01,20:00 (04:00),Sunderland,1.5,2–1,1.5,Sheffield Utd,42276,Stadium of Light,Matt Donohue,Match Report,
,,,,,,,,,,,,,,
Championship,26,Sat,2025-01-04,12:30 (20:30),Stoke City,1.0,0–0,0.1,Plymouth Argyle,26168,bet365 Stadium,Dean Whitestone,Match Report,
Championship,26,Sat,2025-01-04,12:30 (20:30),Blackburn,0.9,0–1,0.3,Burnley,25909,Ewood Park,Andrew Kitchen,Match Report,
Championship,26,Sat,2025-01-04,12:30 (20:30),Swansea City,0.9,1–1,1.1,West Brom,14729,Swansea.com Stadium,Samuel Allison,Match Report,
Championship,26,Sat,2025-01-04,15:00 (23:00),Hull City,2.3,3–3,1.8,Leeds United,24463,MKM Stadium,Anthony Backhouse,Match Report,
Championship,26,Sat,2025-01-04,15:00 (23:00),Bristol City,1.3,1–0,0.4,Derby County,22040,Ashton Gate Stadium,Will Finnie,Match Report,
Championship,26,Sat,2025-01-04,15:00 (23:00),Watford,1.5,1–2,1.6,Sheffield Utd,19937,Vicarage Road Stadium,David Webb,Match Report,
Championship,26,Sat,2025-01-04,15:00 (23:00),Norwich City,2.0,2–1,1.2,Coventry City,26682,Carrow Road,James Bell,Match Report,
Championship,26,Sat,2025-01-04,15:00 (23:00),Sheffield Weds,1.8,2–2,1.3,Millwall,25208,Hillsborough Stadium,Robert Jones,Match Report,
Championship,26,Sat,2025-01-04,15:00 (23:00),Preston,2.2,1–1,0.6,Oxford United,14749,Deepdale Stadium,Ben Toner,Match Report,
Round,Wk,Day,Date,Time,Home,xG,Score,xG,Away,Attendance,Venue,Referee,Match Report,Notes
Championship,26,Sat,2025-01-04,15:00 (23:00),Middlesbrough,0.8,1–1,0.5,Cardiff City,24634,Riverside Stadium,Tom Nield,Match Report,
Championship,26,Sun,2025-01-05,15:00 (23:00),Sunderland,2.4,1–0,0.5,Portsmouth,39846,Stadium of Light,Thomas Bramall,Match Report,
Championship,26,Mon,2025-01-06,20:00 (04:00),QPR,2.2,2–1,2.1,Luton Town,14025,MATRADE Loftus Road Stadium,Andrew Davies,Match Report,
,,,,,,,,,,,,,,
Championship,19,Tue,2025-01-14,19:45 (03:45),Cardiff City,0.7,1–1,1.0,Watford,16942,Cardiff City Stadium,Oliver Langford,Match Report,
Championship,19,Tue,2025-01-14,19:45 (03:45),Plymouth Argyle,0.6,1–1,0.4,Oxford United,15933,Home Park,Samuel Allison,Match Report,
,,,,,,,,,,,,,,
Championship,16,Wed,2025-01-15,19:45 (03:45),Blackburn,1.4,3–0,1.1,Portsmouth,13703,Ewood Park,Farai Hallam,Match Report,
,,,,,,,,,,,,,,
Championship,27,Fri,2025-01-17,20:00 (04:00),Burnley,0.7,0–0,2.8,Sunderland,21014,Turf Moor,Anthony Backhouse,Match Report,
Championship,27,Sat,2025-01-18,12:30 (20:30),Millwall,0.7,0–1,0.6,Hull City,14579,The Den,Stephen Martin,Match Report,
Championship,27,Sat,2025-01-18,12:30 (20:30),Cardiff City,0.8,3–0,0.3,Swansea City,26536,Cardiff City Stadium,James Bell,Match Report,
Championship,27,Sat,2025-01-18,12:30 (20:30),Plymouth Argyle,0.2,0–1,2.8,QPR,16988,Home Park,Darren Bond,Match Report,
Championship,27,Sat,2025-01-18,15:00 (23:00),Portsmouth,0.9,2–1,1.6,Middlesbrough,20389,Fratton Park,Gavin Ward,Match Report,
Championship,27,Sat,2025-01-18,15:00 (23:00),Luton Town,0.5,0–0,0.0,Preston,11540,Kenilworth Road Stadium,Tim Robinson,Match Report,
Championship,27,Sat,2025-01-18,15:00 (23:00),Sheffield Utd,2.0,2–0,0.3,Norwich City,28239,Bramall Lane,Joshua Smith,Match Report,
Championship,27,Sat,2025-01-18,15:00 (23:00),Oxford United,1.3,1–0,0.9,Blackburn,11207,The Kassam Stadium,Will Finnie,Match Report,
Championship,27,Sat,2025-01-18,15:00 (23:00),West Brom,1.7,1–1,1.0,Stoke City,25679,The Hawthorns,James Linington,Match Report,
Championship,27,Sat,2025-01-18,15:00 (23:00),Coventry City,0.9,1–0,0.9,Bristol City,26695,Coventry Building Society Arena,Lewis Smith,Match Report,
Championship,27,Sat,2025-01-18,15:00 (23:00),Derby County,1.8,0–2,1.9,Watford,29040,Pride Park Stadium,Adam Herczeg,Match Report,
Championship,27,Sun,2025-01-19,12:00 (20:00),Leeds United,1.9,3–0,0.4,Sheffield Weds,36685,Elland Road,David Webb,Match Report,
,,,,,,,,,,,,,,
Championship,28,Tue,2025-01-21,19:45 (03:45),Swansea City,1.4,1–2,1.8,Sheffield Utd,13373,Swansea.com Stadium,Dean Whitestone,Match Report,
Championship,28,Tue,2025-01-21,19:45 (03:45),Derby County,0.7,0–1,0.6,Sunderland,27441,Pride Park Stadium,Samuel Allison,Match Report,
Championship,28,Tue,2025-01-21,19:45 (03:45),Oxford United,0.9,3–2,0.7,Luton Town,11035,The Kassam Stadium,Stephen Martin,Match Report,
Championship,28,Tue,2025-01-21,19:45 (03:45),Watford,0.4,1–2,2.4,Preston,16397,Vicarage Road Stadium,Tom Nield,Match Report,
Championship,28,Tue,2025-01-21,19:45 (03:45),Middlesbrough,1.0,2–0,0.9,West Brom,22323,Riverside Stadium,Andrew Kitchen,Match Report,
Championship,28,Tue,2025-01-21,19:45 (03:45),Blackburn,0.9,0–2,1.8,Coventry City,12819,Ewood Park,Oliver Langford,Match Report,
Championship,28,Tue,2025-01-21,19:45 (03:45),Hull City,1.1,1–2,1.2,QPR,19180,MKM Stadium,Ben Speedie,Match Report,
Championship,28,Tue,2025-01-21,20:00 (04:00),Millwall,0.7,2–2,1.0,Cardiff City,12041,The Den,David Webb,Match Report,
Round,Wk,Day,Date,Time,Home,xG,Score,xG,Away,Attendance,Venue,Referee,Match Report,Notes
Championship,28,Wed,2025-01-22,19:45 (03:45),Leeds United,1.3,2–0,0.1,Norwich City,35157,Elland Road,Matt Donohue,Match Report,
Championship,28,Wed,2025-01-22,19:45 (03:45),Portsmouth,2.1,3–1,0.5,Stoke City,19388,Fratton Park,Joshua Smith,Match Report,
Championship,28,Wed,2025-01-22,19:45 (03:45),Sheffield Weds,1.0,2–2,1.0,Bristol City,22774,Hillsborough Stadium,James Linington,Match Report,
Championship,28,Wed,2025-01-22,20:00 (04:00),Plymouth Argyle,0.4,0–5,2.9,Burnley,15509,Home Park,John Busby,Match Report,
,,,,,,,,,,,,,,
Championship,29,Fri,2025-01-24,20:00 (04:00),Sheffield Utd,1.3,0–3,0.4,Hull City,27448,Bramall Lane,Andrew Kitchen,Match Report,
Championship,29,Sat,2025-01-25,12:30 (20:30),Luton Town,1.4,0–1,1.6,Millwall,11418,Kenilworth Road Stadium,Gavin Ward,Match Report,
Championship,29,Sat,2025-01-25,12:30 (20:30),Stoke City,0.4,0–0,1.2,Oxford United,22911,bet365 Stadium,Farai Hallam,Match Report,
Championship,29,Sat,2025-01-25,12:30 (20:30),Norwich City,3.0,5–1,1.4,Swansea City,25713,Carrow Road,Thomas Bramall,Match Report,
Championship,29,Sat,2025-01-25,15:00 (23:00),Sunderland,0.6,2–2,1.0,Plymouth Argyle,41097,Stadium of Light,Oliver Langford,Match Report,
Championship,29,Sat,2025-01-25,15:00 (23:00),QPR,0.4,0–2,0.8,Sheffield Weds,17352,MATRADE Loftus Road Stadium,Samuel Allison,Match Report,
Championship,29,Sat,2025-01-25,15:00 (23:00),Cardiff City,2.2,2–1,1.2,Derby County,19548,Cardiff City Stadium,Dean Whitestone,Match Report,
Championship,29,Sat,2025-01-25,15:00 (23:00),Preston,0.4,2–1,1.3,Middlesbrough,18474,Deepdale Stadium,John Busby,Match Report,
Championship,29,Sat,2025-01-25,15:00 (23:00),Bristol City,1.9,2–1,1.9,Blackburn,20945,Ashton Gate Stadium,Matt Donohue,Match Report,
Championship,29,Sat,2025-01-25,15:00 (23:00),Coventry City,1.3,2–1,0.6,Watford,27078,Coventry Building Society Arena,Martin Coy,Match Report,
Championship,29,Sat,2025-01-25,15:00 (23:00),West Brom,3.0,5–1,1.6,Portsmouth,25261,The Hawthorns,Jarred Gillett,Match Report,
Championship,29,Mon,2025-01-27,20:00 (04:00),Burnley,0.2,0–0,0.4,Leeds United,21329,Turf Moor,Joshua Smith,Match Report,
,,,,,,,,,,,,,,
Championship,17,Tue,2025-01-28,19:45 (03:45),Portsmouth,1.1,0–1,1.3,Millwall,19815,Fratton Park,Dean Whitestone,Match Report,
,,,,,,,,,,,,,,
Championship,30,Fri,2025-01-31,20:00 (04:00),Blackburn,1.7,2–1,0.8,Preston,21392,Ewood Park,Joshua Smith,Match Report,
Championship,30,Sat,2025-02-01,12:30 (20:30),Oxford United,1.0,1–1,0.6,Bristol City,11430,The Kassam Stadium,Oliver Langford,Match Report,
Championship,30,Sat,2025-02-01,12:30 (20:30),Plymouth Argyle,1.6,2–1,2.0,West Brom,16870,Home Park,Dean Whitestone,Match Report,
Championship,30,Sat,2025-02-01,12:30 (20:30),Watford,0.7,0–1,2.3,Norwich City,19774,Vicarage Road Stadium,Lewis Smith,Match Report,
Championship,30,Sat,2025-02-01,15:00 (23:00),Hull City,1.7,1–2,1.2,Stoke City,21709,MKM Stadium,Will Finnie,Match Report,
Championship,30,Sat,2025-02-01,15:00 (23:00),Derby County,0.7,0–1,0.9,Sheffield Utd,29472,Pride Park Stadium,Tom Nield,Match Report,
Championship,30,Sat,2025-02-01,15:00 (23:00),Portsmouth,1.3,0–0,0.6,Burnley,20381,Fratton Park,David Webb,Match Report,
Championship,30,Sat,2025-02-01,15:00 (23:00),Millwall,0.7,2–1,0.8,QPR,17914,The Den,John Busby,Match Report,
Championship,30,Sat,2025-02-01,15:00 (23:00),Leeds United,5.7,7–0,0.1,Cardiff City,35810,Elland Road,Michael Salisbury,Match Report,
Championship,30,Sat,2025-02-01,15:00 (23:00),Sheffield Weds,2.7,1–1,0.4,Luton Town,27437,Hillsborough Stadium,Ben Toner,Match Report,
Round,Wk,Day,Date,Time,Home,xG,Score,xG,Away,Attendance,Venue,Referee,Match Report,Notes
Championship,30,Sat,2025-02-01,15:00 (23:00),Swansea City,0.2,0–2,1.7,Coventry City,15189,Swansea.com Stadium,Samuel Allison,Match Report,
Championship,30,Mon,2025-02-03,20:00 (04:00),Middlesbrough,1.4,2–3,2.1,Sunderland,29161,Riverside Stadium,Stephen Martin,Match Report,
,,,,,,,,,,,,,,
Championship,31,Tue,2025-02-04,19:45 (03:45),Burnley,1.5,1–0,0.3,Oxford United,18187,Turf Moor,James Bell,Match Report,
Championship,31,Tue,2025-02-04,19:45 (03:45),QPR,1.3,2–1,1.5,Blackburn,13571,MATRADE Loftus Road Stadium,James Linington,Match Report,
Championship,31,Wed,2025-02-05,19:45 (03:45),Coventry City,0.5,0–2,3.6,Leeds United,28008,Coventry Building Society Arena,Dean Whitestone,Match Report,
Championship,31,Sat,2025-02-08,12:30 (20:30),Sunderland,2.9,2–2,1.3,Watford,41329,Stadium of Light,Robert Jones,Match Report,
Championship,31,Sat,2025-02-08,12:30 (20:30),West Brom,1.6,2–1,1.4,Sheffield Weds,25452,The Hawthorns,Tom Nield,Match Report,
Championship,31,Sat,2025-02-08,15:00 (23:00),Sheffield Utd,1.3,2–1,3.1,Portsmouth,29104,Bramall Lane,Oliver Langford,Match Report,
Championship,31,Sat,2025-02-08,15:00 (23:00),Norwich City,0.7,1–1,1.1,Derby County,26584,Carrow Road,Ruebyn Ricardo,Match Report,
Championship,31,Sun,2025-02-09,12:00 (20:00),Bristol City,1.0,0–1,1.8,Swansea City,21554,Ashton Gate Stadium,John Busby,Match Report,
,,,,,,,,,,,,,,
Championship,32,Tue,2025-02-11,19:45 (03:45),Derby County,0.8,0–0,0.3,Oxford United,25999,Pride Park Stadium,Stephen Martin,Match Report,
Championship,32,Tue,2025-02-11,19:45 (03:45),Watford,0.5,0–4,2.0,Leeds United,19582,Vicarage Road Stadium,Oliver Langford,Match Report,
Championship,32,Tue,2025-02-11,19:45 (03:45),Portsmouth,1.5,2–1,0.8,Cardiff City,20251,Fratton Park,Tom Nield,Match Report,
Championship,32,Tue,2025-02-11,19:45 (03:45),Coventry City,1.1,1–0,0.8,QPR,24600,Coventry Building Society Arena,Will Finnie,Match Report,
Championship,32,Tue,2025-02-11,20:00 (04:00),Norwich City,0.7,0–1,1.0,Preston,25910,Carrow Road,Gavin Ward,Match Report,
Championship,32,Wed,2025-02-12,19:45 (03:45),Swansea City,0.2,0–1,0.8,Sheffield Weds,14149,Swansea.com Stadium,Elliot Bell,Match Report,
Championship,32,Wed,2025-02-12,19:45 (03:45),Sunderland,1.3,2–0,0.3,Luton Town,37929,Stadium of Light,John Busby,Match Report,
Championship,32,Wed,2025-02-12,19:45 (03:45),Plymouth Argyle,2.6,5–1,0.8,Millwall,15453,Home Park,Jeremy Simpson,Match Report,
Championship,32,Wed,2025-02-12,19:45 (03:45),Burnley,1.6,2–0,0.4,Hull City,18987,Turf Moor,Samuel Allison,Match Report,
Championship,32,Wed,2025-02-12,19:45 (03:45),Bristol City,1.5,2–0,0.3,Stoke City,18457,Ashton Gate Stadium,James Bell,Match Report,
Championship,32,Wed,2025-02-12,20:00 (04:00),Sheffield Utd,2.6,3–1,1.3,Middlesbrough,27124,Bramall Lane,Matt Donohue,Match Report,
Championship,32,Wed,2025-02-12,20:00 (04:00),West Brom,0.6,0–2,0.7,Blackburn,23305,The Hawthorns,David Webb,Match Report,
,,,,,,,,,,,,,,
Championship,33,Fri,2025-02-14,20:00 (04:00),QPR,0.9,4–0,0.8,Derby County,16591,MATRADE Loftus Road Stadium,David Webb,Match Report,
Championship,33,Sat,2025-02-15,12:30 (20:30),Oxford United,1.4,0–2,1.5,Portsmouth,11423,The Kassam Stadium,Will Finnie,Match Report,
Championship,33,Sat,2025-02-15,12:30 (20:30),Preston,0.3,0–0,1.0,Burnley,19864,Deepdale Stadium,Andrew Kitchen,Match Report,
Championship,33,Sat,2025-02-15,12:30 (20:30),Cardiff City,1.7,1–1,1.4,Bristol City,22433,Cardiff City Stadium,Tony Harrington,Match Report,
Championship,33,Sat,2025-02-15,15:00 (23:00),Millwall,0.7,1–1,0.4,West Brom,15842,The Den,James Bell,Match Report,
Round,Wk,Day,Date,Time,Home,xG,Score,xG,Away,Attendance,Venue,Referee,Match Report,Notes
Championship,33,Sat,2025-02-15,15:00 (23:00),Stoke City,0.9,3–1,0.8,Swansea City,21256,bet365 Stadium,Dean Whitestone,Match Report,
Championship,33,Sat,2025-02-15,15:00 (23:00),Hull City,0.9,1–1,1.3,Norwich City,22141,MKM Stadium,Ben Toner,Match Report,
Championship,33,Sat,2025-02-15,15:00 (23:00),Luton Town,1.2,0–1,1.9,Sheffield Utd,11461,Kenilworth Road Stadium,Lewis Smith,Match Report,
Championship,33,Sat,2025-02-15,15:00 (23:00),Blackburn,2.2,2–0,1.5,Plymouth Argyle,14875,Ewood Park,Samuel Allison,Match Report,
Championship,33,Sat,2025-02-15,15:00 (23:00),Middlesbrough,1.0,0–1,1.6,Watford,24326,Riverside Stadium,Adam Herczeg,Match Report,
Championship,33,Sat,2025-02-15,15:00 (23:00),Sheffield Weds,1.5,1–2,1.4,Coventry City,28121,Hillsborough Stadium,Joshua Smith,Match Report,
Championship,33,Mon,2025-02-17,20:00 (04:00),Leeds United,2.0,2–1,0.5,Sunderland,36804,Elland Road,Stuart Attwell,Match Report,
,,,,,,,,,,,,,,
Championship,31,Tue,2025-02-18,19:45 (03:45),Preston,1.3,1–1,0.3,Millwall,13290,Deepdale Stadium,Matt Donohue,Match Report,
Championship,31,Wed,2025-02-19,19:45 (03:45),Luton Town,1.7,1–1,0.2,Plymouth Argyle,11752,Kenilworth Road Stadium,James Linington,Match Report,
,,,,,,,,,,,,,,
Championship,34,Fri,2025-02-21,19:45 (03:45),Bristol City,2.3,2–1,1.3,Middlesbrough,21894,Ashton Gate Stadium,Tom Nield,Match Report,
Championship,34,Fri,2025-02-21,20:00 (04:00),Burnley,1.6,4–0,1.1,Sheffield Weds,20675,Turf Moor,Stephen Martin,Match Report,
Championship,34,Sat,2025-02-22,12:30 (20:30),Plymouth Argyle,1.0,1–1,1.2,Cardiff City,16981,Home Park,James Bell,Match Report,
Championship,34,Sat,2025-02-22,12:30 (20:30),Sunderland,1.1,0–1,1.0,Hull City,44009,Stadium of Light,Farai Hallam,Match Report,
Championship,34,Sat,2025-02-22,12:30 (20:30),Derby County,0.4,0–1,2.2,Millwall,28321,Pride Park Stadium,Elliot Bell,Match Report,
Championship,34,Sat,2025-02-22,15:00 (23:00),West Brom,2.7,2–0,0.3,Oxford United,25951,The Hawthorns,Samuel Allison,Match Report,
Championship,34,Sat,2025-02-22,15:00 (23:00),Portsmouth,1.7,2–1,0.8,QPR,20426,Fratton Park,Thomas Bramall,Match Report,
Championship,34,Sat,2025-02-22,15:00 (23:00),Coventry City,1.8,2–1,1.0,Preston,26493,Coventry Building Society Arena,Oliver Langford,Match Report,
Championship,34,Sat,2025-02-22,15:00 (23:00),Norwich City,2.9,4–2,1.7,Stoke City,26267,Carrow Road,John Busby,Match Report,
Championship,34,Sat,2025-02-22,15:00 (23:00),Swansea City,2.1,3–0,0.4,Blackburn,13788,Swansea.com Stadium,Gavin Ward,Match Report,
Championship,34,Sun,2025-02-23,12:00 (20:00),Watford,2.4,2–0,0.7,Luton Town,20252,Vicarage Road Stadium,Andrew Kitchen,Match Report,
Championship,34,Mon,2025-02-24,20:00 (04:00),Sheffield Utd,1.0,1–3,1.4,Leeds United,29702,Bramall Lane,David Webb,Match Report,
,,,,,,,,,,,,,,
Championship,31,Tue,2025-02-25,19:45 (03:45),Cardiff City,0.5,1–0,0.3,Hull City,16622,Cardiff City Stadium,Thomas Kirk,Match Report,
Championship,31,Tue,2025-02-25,19:45 (03:45),Stoke City,1.1,1–3,2.2,Middlesbrough,20141,bet365 Stadium,Andrew Davies,Match Report,
,,,,,,,,,,,,,,
Championship,35,Fri,2025-02-28,20:00 (04:00),Sheffield Weds,1.4,1–2,1.0,Sunderland,27954,Hillsborough Stadium,Will Finnie,Match Report,
Championship,35,Sat,2025-03-01,12:30 (20:30),Oxford United,1.5,2–3,2.4,Coventry City,11405,The Kassam Stadium,Jeremy Simpson,Match Report,
Championship,35,Sat,2025-03-01,12:30 (20:30),Blackburn,1.1,1–1,0.6,Norwich City,14240,Ewood Park,Leigh Doughty,Match Report,
Round,Wk,Day,Date,Time,Home,xG,Score,xG,Away,Attendance,Venue,Referee,Match Report,Notes
Championship,35,Sat,2025-03-01,12:30 (20:30),Leeds United,1.2,1–1,0.7,West Brom,36705,Elland Road,Farai Hallam,Match Report,
Championship,35,Sat,2025-03-01,15:00 (23:00),Middlesbrough,1.0,1–0,0.2,Derby County,25839,Riverside Stadium,Gavin Ward,Match Report,
Championship,35,Sat,2025-03-01,15:00 (23:00),Luton Town,0.7,1–0,0.5,Portsmouth,11662,Kenilworth Road Stadium,Samuel Allison,Match Report,
Championship,35,Sat,2025-03-01,15:00 (23:00),Stoke City,0.6,0–0,0.5,Watford,21894,bet365 Stadium,Tom Nield,Match Report,
Championship,35,Sat,2025-03-01,15:00 (23:00),QPR,1.4,1–2,0.9,Sheffield Utd,17346,MATRADE Loftus Road Stadium,Thomas Kirk,Match Report,
Championship,35,Tue,2025-03-04,19:45 (03:45),Millwall,0.9,0–2,1.7,Bristol City,12380,The Den,Matt Donohue,Match Report,
Championship,35,Tue,2025-03-04,19:45 (03:45),Hull City,2.5,2–0,0.2,Plymouth Argyle,18772,MKM Stadium,Andrew Davies,Match Report,
Championship,35,Tue,2025-03-04,19:45 (03:45),Preston,1.9,0–0,0.5,Swansea City,12838,Deepdale Stadium,Stephen Martin,Match Report,
Championship,35,Tue,2025-03-04,19:45 (03:45),Cardiff City,1.3,1–2,1.4,Burnley,15713,Cardiff City Stadium,James Linington,Match Report,
,,,,,,,,,,,,,,
Championship,36,Fri,2025-03-07,20:00 (04:00),Norwich City,1.7,1–1,0.4,Oxford United,25996,Carrow Road,James Bell,Match Report,
Championship,36,Sat,2025-03-08,12:30 (20:30),Watford,1.4,1–2,0.7,Millwall,20031,Vicarage Road Stadium,Gavin Ward,Match Report,
Championship,36,Sat,2025-03-08,12:30 (20:30),Coventry City,0.9,3–2,2.2,Stoke City,30011,Coventry Building Society Arena,David Webb,Match Report,
Championship,36,Sat,2025-03-08,15:00 (23:00),West Brom,0.8,1–0,1.1,QPR,25310,The Hawthorns,Adam Herczeg,Match Report,
Championship,36,Sat,2025-03-08,15:00 (23:00),Plymouth Argyle,0.3,0–3,1.6,Sheffield Weds,16981,Home Park,Ben Toner,Match Report,
Championship,36,Sat,2025-03-08,15:00 (23:00),Burnley,2.7,4–0,0.2,Luton Town,18843,Turf Moor,Stephen Martin,Match Report,
Championship,36,Sat,2025-03-08,15:00 (23:00),Swansea City,0.9,1–0,0.4,Middlesbrough,13986,Swansea.com Stadium,Ruebyn Ricardo,Match Report,
Championship,36,Sat,2025-03-08,15:00 (23:00),Bristol City,2.4,1–1,0.9,Hull City,21754,Ashton Gate Stadium,James Linington,Match Report,
Championship,36,Sat,2025-03-08,15:00 (23:00),Sunderland,2.3,2–1,0.6,Cardiff City,40066,Stadium of Light,Darren Bond,Match Report,
Championship,36,Sat,2025-03-08,15:00 (23:00),Derby County,2.0,2–1,1.6,Blackburn,29753,Pride Park Stadium,Andrew Kitchen,Match Report,
Championship,36,Sat,2025-03-08,15:00 (23:00),Sheffield Utd,1.3,1–0,0.3,Preston,27136,Bramall Lane,John Busby,Match Report,
Championship,36,Sun,2025-03-09,12:00 (20:00),Portsmouth,0.7,1–0,2.3,Leeds United,20314,Fratton Park,Robert Jones,Match Report,
,,,,,,,,,,,,,,
Championship,37,Tue,2025-03-11,19:45 (03:45),Norwich City,1.7,2–3,1.9,Sheffield Weds,25498,Carrow Road,Ben Speedie,Match Report,
Championship,37,Tue,2025-03-11,19:45 (03:45),Sunderland,2.1,1–1,0.8,Preston,37731,Stadium of Light,Lewis Smith,Match Report,
Championship,37,Tue,2025-03-11,19:45 (03:45),Derby County,0.6,2–0,0.7,Coventry City,28879,Pride Park Stadium,Samuel Allison,Match Report,
Championship,37,Tue,2025-03-11,19:45 (03:45),Burnley,1.5,1–1,0.6,West Brom,18843,Turf Moor,Gavin Ward,Match Report,
Championship,37,Tue,2025-03-11,19:45 (03:45),Middlesbrough,1.1,2–1,0.9,QPR,22177,Riverside Stadium,David Webb,Match Report,
Championship,37,Tue,2025-03-11,19:45 (03:45),Cardiff City,0.7,1–2,1.0,Luton Town,16641,Cardiff City Stadium,Andrew Davies,Match Report,
Championship,37,Tue,2025-03-11,20:00 (04:00),Sheffield Utd,1.4,1–1,1.5,Bristol City,25070,Bramall Lane,Stephen Martin,Match Report,
Round,Wk,Day,Date,Time,Home,xG,Score,xG,Away,Attendance,Venue,Referee,Match Report,Notes
Championship,37,Wed,2025-03-12,19:45 (03:45),Leeds United,0.9,2–0,0.2,Millwall,34401,Elland Road,Dean Whitestone,Match Report,
Championship,37,Wed,2025-03-12,19:45 (03:45),Watford,0.6,1–0,0.7,Swansea City,16739,Vicarage Road Stadium,Jeremy Simpson,Match Report,
Championship,37,Wed,2025-03-12,19:45 (03:45),Portsmouth,1.7,1–2,0.3,Plymouth Argyle,20394,Fratton Park,Matt Donohue,Match Report,
Championship,37,Wed,2025-03-12,19:45 (03:45),Hull City,1.7,2–1,0.6,Oxford United,19024,MKM Stadium,Joshua Smith,Match Report,
Championship,37,Wed,2025-03-12,20:00 (04:00),Stoke City,1.6,1–0,0.6,Blackburn,20194,bet365 Stadium,Farai Hallam,Match Report,
,,,,,,,,,,,,,,
Championship,38,Fri,2025-03-14,20:00 (04:00),Bristol City,1.1,2–1,2.6,Norwich City,21237,Ashton Gate Stadium,Samuel Allison,Match Report,
Championship,38,Sat,2025-03-15,12:30 (20:30),QPR,0.8,2–2,1.4,Leeds United,17457,MATRADE Loftus Road Stadium,Tim Robinson,Match Report,
Championship,38,Sat,2025-03-15,12:30 (20:30),Millwall,1.2,1–0,0.7,Stoke City,16799,The Den,Andrew Davies,Match Report,
Championship,38,Sat,2025-03-15,15:00 (23:00),West Brom,1.0,1–1,1.2,Hull City,24870,The Hawthorns,Jeremy Simpson,Match Report,
Championship,38,Sat,2025-03-15,15:00 (23:00),Luton Town,2.4,0–0,0.3,Middlesbrough,11815,Kenilworth Road Stadium,Farai Hallam,Match Report,
Championship,38,Sat,2025-03-15,15:00 (23:00),Preston,2.4,2–1,0.6,Portsmouth,17240,Deepdale Stadium,Tony Harrington,Match Report,
Championship,38,Sat,2025-03-15,15:00 (23:00),Oxford United,0.6,1–0,1.3,Watford,11535,The Kassam Stadium,Robert Madley,Match Report,
Championship,38,Sat,2025-03-15,15:00 (23:00),Coventry City,2.8,3–0,0.6,Sunderland,30219,Coventry Building Society Arena,Dean Whitestone,Match Report,
Championship,38,Sat,2025-03-15,15:00 (23:00),Blackburn,0.5,1–2,0.8,Cardiff City,13456,Ewood Park,Adam Herczeg,Match Report,
Championship,38,Sat,2025-03-15,15:00 (23:00),Plymouth Argyle,1.0,2–3,0.9,Derby County,16978,Home Park,John Busby,Match Report,
Championship,38,Sat,2025-03-15,15:00 (23:00),Swansea City,0.5,0–2,1.8,Burnley,13679,Swansea.com Stadium,Oliver Langford,Match Report,
Championship,38,Sun,2025-03-16,12:30 (20:30),Sheffield Weds,1.3,0–1,1.3,Sheffield Utd,33827,Hillsborough Stadium,Andrew Kitchen,Match Report,
,,,,,,,,,,,,,,
Championship,39,Fri,2025-03-28,20:00 (04:00),Sheffield Utd,1.6,3–1,1.1,Coventry City,30803,Bramall Lane,Oliver Langford,Match Report,
Championship,39,Sat,2025-03-29,12:30 (20:30),Hull City,0.7,0–1,0.7,Luton Town,23005,MKM Stadium,Darren Bond,Match Report,
Championship,39,Sat,2025-03-29,12:30 (20:30),Watford,1.9,0–0,0.6,Plymouth Argyle,19545,Vicarage Road Stadium,Ruebyn Ricardo,Match Report,
Championship,39,Sat,2025-03-29,15:00 (23:00),Burnley,1.9,1–0,0.3,Bristol City,20523,Turf Moor,Andrew Kitchen,Match Report,
Championship,39,Sat,2025-03-29,15:00 (23:00),Norwich City,0.9,1–0,1.1,West Brom,26707,Carrow Road,David Webb,Match Report,
Championship,39,Sat,2025-03-29,15:00 (23:00),Cardiff City,1.7,1–1,0.4,Sheffield Weds,15758,Cardiff City Stadium,Samuel Allison,Match Report,
Championship,39,Sat,2025-03-29,15:00 (23:00),Leeds United,1.4,2–2,1.6,Swansea City,35574,Elland Road,Ben Toner,Match Report,
Championship,39,Sat,2025-03-29,15:00 (23:00),Portsmouth,0.3,1–0,0.6,Blackburn,20342,Fratton Park,Jeremy Simpson,Match Report,
Championship,39,Sat,2025-03-29,15:00 (23:00),Sunderland,2.1,1–0,0.8,Millwall,41762,Stadium of Light,Robert Madley,Match Report,
Championship,39,Sat,2025-03-29,15:00 (23:00),Middlesbrough,2.4,2–1,1.4,Oxford United,24624,Riverside Stadium,Matt Donohue,Match Report,
Championship,39,Sat,2025-03-29,15:00 (23:00),Stoke City,1.5,3–1,0.5,QPR,23192,bet365 Stadium,Tony Harrington,Match Report,
Round,Wk,Day,Date,Time,Home,xG,Score,xG,Away,Attendance,Venue,Referee,Match Report,Notes
Championship,39,Wed,2025-04-02,19:45 (02:45),Derby County,0.7,2–0,0.3,Preston,26014,Pride Park Stadium,Stephen Martin,Match Report,
,,,,,,,,,,,,,,
Championship,40,Fri,2025-04-04,20:00 (03:00),Blackburn,0.5,0–2,0.9,Middlesbrough,15638,Ewood Park,John Busby,Match Report,
Championship,40,Sat,2025-04-05,12:30 (19:30),Luton Town,0.9,1–1,1.5,Leeds United,11867,Kenilworth Road Stadium,Thomas Bramall,Match Report,
Championship,40,Sat,2025-04-05,12:30 (19:30),West Brom,1.7,0–1,0.5,Sunderland,25918,The Hawthorns,Tom Nield,Match Report,
Championship,40,Sat,2025-04-05,12:30 (19:30),Coventry City,1.6,1–2,1.4,Burnley,28704,Coventry Building Society Arena,James Bell,Match Report,
Championship,40,Sat,2025-04-05,15:00 (22:00),QPR,0.5,0–0,0.6,Cardiff City,17066,MATRADE Loftus Road Stadium,Dean Whitestone,Match Report,
Championship,40,Sat,2025-04-05,15:00 (22:00),Preston,0.5,1–1,2.4,Stoke City,17341,Deepdale Stadium,Farai Hallam,Match Report,
Championship,40,Sat,2025-04-05,15:00 (22:00),Bristol City,0.6,2–1,0.3,Watford,22505,Ashton Gate Stadium,Darren Bond,Match Report,
Championship,40,Sat,2025-04-05,15:00 (22:00),Swansea City,0.4,1–0,0.6,Derby County,16501,Swansea.com Stadium,Andrew Davies,Match Report,
Championship,40,Sat,2025-04-05,15:00 (22:00),Plymouth Argyle,1.9,2–1,1.1,Norwich City,15560,Home Park,Gavin Ward,Match Report,
Championship,40,Sat,2025-04-05,15:00 (22:00),Millwall,1.3,2–1,0.6,Portsmouth,16913,The Den,Ben Toner,Match Report,
Championship,40,Sat,2025-04-05,15:00 (22:00),Sheffield Weds,1.0,0–1,0.6,Hull City,27342,Hillsborough Stadium,Oliver Langford,Match Report,
Championship,40,Sat,2025-04-05,15:00 (22:00),Oxford United,1.3,1–0,1.3,Sheffield Utd,11496,The Kassam Stadium,James Linington,Match Report,
,,,,,,,,,,,,,,
Championship,41,Tue,2025-04-08,19:45 (02:45),Watford,0.6,1–0,0.7,Hull City,17268,Vicarage Road Stadium,James Bell,Match Report,
Championship,41,Tue,2025-04-08,19:45 (02:45),Norwich City,0.9,0–0,0.7,Sunderland,26320,Carrow Road,Jeremy Simpson,Match Report,
Championship,41,Tue,2025-04-08,19:45 (02:45),Preston,1.8,2–2,1.0,Cardiff City,13293,Deepdale Stadium,David Webb,Match Report,
Championship,41,Tue,2025-04-08,19:45 (02:45),Blackburn,1.7,2–2,0.9,Sheffield Weds,15575,Ewood Park,Will Finnie,Match Report,
Championship,41,Tue,2025-04-08,19:45 (02:45),Derby County,1.3,0–0,0.7,Burnley,27584,Pride Park Stadium,Robert Madley,Match Report,
Championship,41,Tue,2025-04-08,19:45 (02:45),Stoke City,0.4,1–1,1.0,Luton Town,21226,bet365 Stadium,Dean Whitestone,Match Report,
Championship,41,Tue,2025-04-08,19:45 (02:45),Bristol City,0.8,2–1,1.8,West Brom,24734,Ashton Gate Stadium,Matt Donohue,Match Report,
Championship,41,Tue,2025-04-08,19:45 (02:45),Sheffield Utd,1.5,0–1,0.5,Millwall,25775,Bramall Lane,Samuel Allison,Match Report,
Championship,41,Tue,2025-04-08,20:00 (03:00),Middlesbrough,1.3,0–1,1.0,Leeds United,28729,Riverside Stadium,Andrew Kitchen,Match Report,
Championship,41,Wed,2025-04-09,19:45 (02:45),Swansea City,2.7,3–0,0.5,Plymouth Argyle,14978,Swansea.com Stadium,Stephen Martin,Match Report,
Championship,41,Wed,2025-04-09,19:45 (02:45),Oxford United,0.6,1–3,1.4,QPR,11509,The Kassam Stadium,Elliot Bell,Match Report,
Championship,41,Wed,2025-04-09,20:00 (03:00),Coventry City,1.3,1–0,1.0,Portsmouth,28411,Coventry Building Society Arena,Gavin Ward,Match Report,
,,,,,,,,,,,,,,
Championship,42,Fri,2025-04-11,20:00 (03:00),Burnley,0.8,2–1,1.5,Norwich City,19030,Turf Moor,Tony Harrington,Match Report,
Championship,42,Sat,2025-04-12,12:30 (19:30),Leeds United,3.2,2–1,0.3,Preston,35747,Elland Road,John Busby,Match Report,
Round,Wk,Day,Date,Time,Home,xG,Score,xG,Away,Attendance,Venue,Referee,Match Report,Notes
Championship,42,Sat,2025-04-12,12:30 (19:30),Plymouth Argyle,0.8,2–1,0.6,Sheffield Utd,16565,Home Park,Oliver Langford,Match Report,
Championship,42,Sat,2025-04-12,15:00 (22:00),Sheffield Weds,1.0,0–1,1.1,Oxford United,25646,Hillsborough Stadium,Andrew Davies,Match Report,
Championship,42,Sat,2025-04-12,15:00 (22:00),Portsmouth,1.8,2–2,1.6,Derby County,20412,Fratton Park,Ruebyn Ricardo,Match Report,
Championship,42,Sat,2025-04-12,15:00 (22:00),QPR,1.8,1–1,0.9,Bristol City,16867,MATRADE Loftus Road Stadium,Leigh Doughty,Match Report,
Championship,42,Sat,2025-04-12,15:00 (22:00),West Brom,1.8,2–1,0.9,Watford,24768,The Hawthorns,Robert Madley,Match Report,
Championship,42,Sat,2025-04-12,15:00 (22:00),Luton Town,0.7,0–1,0.4,Blackburn,11552,Kenilworth Road Stadium,David Webb,Match Report,
Championship,42,Sat,2025-04-12,15:00 (22:00),Cardiff City,1.5,0–1,1.0,Stoke City,20658,Cardiff City Stadium,Michael Salisbury,Match Report,
Championship,42,Sat,2025-04-12,15:00 (22:00),Sunderland,0.7,0–1,0.9,Swansea City,42362,Stadium of Light,Farai Hallam,Match Report,
Championship,42,Sat,2025-04-12,15:00 (22:00),Millwall,1.6,1–0,0.6,Middlesbrough,17523,The Den,Tom Nield,Match Report,
Championship,42,Mon,2025-04-14,20:00 (03:00),Hull City,1.0,1–1,0.9,Coventry City,21659,MKM Stadium,Andrew Kitchen,Match Report,
,,,,,,,,,,,,,,
Championship,43,Fri,2025-04-18,12:30 (19:30),Derby County,1.7,0–1,0.5,Luton Town,32159,Pride Park Stadium,James Linington,Match Report,
Championship,43,Fri,2025-04-18,15:00 (22:00),Bristol City,1.9,2–1,0.4,Sunderland,25915,Ashton Gate Stadium,Oliver Langford,Match Report,
Championship,43,Fri,2025-04-18,15:00 (22:00),Preston,0.8,1–2,1.4,QPR,14922,Deepdale Stadium,Jeremy Simpson,Match Report,
Championship,43,Fri,2025-04-18,15:00 (22:00),Swansea City,1.3,1–0,0.6,Hull City,18775,Swansea.com Stadium,Ben Toner,Match Report,
Championship,43,Fri,2025-04-18,15:00 (22:00),Coventry City,1.2,2–0,0.9,West Brom,31167,Coventry Building Society Arena,Craig Pawson,Match Report,
Championship,43,Fri,2025-04-18,15:00 (22:00),Blackburn,1.8,4–1,1.4,Millwall,14167,Ewood Park,Lewis Smith,Match Report,
Championship,43,Fri,2025-04-18,15:00 (22:00),Middlesbrough,3.0,2–1,2.0,Plymouth Argyle,26276,Riverside Stadium,Anthony Backhouse,Match Report,
Championship,43,Fri,2025-04-18,15:00 (22:00),Norwich City,1.2,3–5,2.7,Portsmouth,26838,Carrow Road,Thomas Kirk,Match Report,
Championship,43,Fri,2025-04-18,15:00 (22:00),Watford,1.1,1–2,2.0,Burnley,20523,Vicarage Road Stadium,Matt Donohue,Match Report,
Championship,43,Fri,2025-04-18,15:00 (22:00),Stoke City,1.0,2–0,1.0,Sheffield Weds,29163,bet365 Stadium,Stephen Martin,Match Report,
Championship,43,Fri,2025-04-18,17:30 (00:30),Sheffield Utd,1.3,2–0,0.7,Cardiff City,28201,Bramall Lane,Tony Harrington,Match Report,
Championship,43,Fri,2025-04-18,20:00 (03:00),Oxford United,0.4,0–1,1.8,Leeds United,11537,The Kassam Stadium,Dean Whitestone,Match Report,
,,,,,,,,,,,,,,
Championship,44,Mon,2025-04-21,15:00 (22:00),Sheffield Weds,3.4,2–1,2.1,Middlesbrough,27668,Hillsborough Stadium,Robert Madley,Match Report,
Championship,44,Mon,2025-04-21,15:00 (22:00),West Brom,0.9,1–3,0.9,Derby County,25750,The Hawthorns,Gavin Ward,Match Report,
Championship,44,Mon,2025-04-21,15:00 (22:00),QPR,0.3,1–2,1.7,Swansea City,16351,MATRADE Loftus Road Stadium,Jeremy Simpson,Match Report,
Championship,44,Mon,2025-04-21,15:00 (22:00),Leeds United,3.3,6–0,0.4,Stoke City,36640,Elland Road,Darren Bond,Match Report,
Championship,44,Mon,2025-04-21,15:00 (22:00),Cardiff City,1.0,1–1,0.1,Oxford United,23407,Cardiff City Stadium,Farai Hallam,Match Report,
Championship,44,Mon,2025-04-21,15:00 (22:00),Portsmouth,3.2,1–0,0.6,Watford,20451,Fratton Park,Samuel Allison,Match Report,
Round,Wk,Day,Date,Time,Home,xG,Score,xG,Away,Attendance,Venue,Referee,Match Report,Notes
Championship,44,Mon,2025-04-21,15:00 (22:00),Plymouth Argyle,2.1,3–1,1.7,Coventry City,16974,Home Park,Andrew Davies,Match Report,
Championship,44,Mon,2025-04-21,15:00 (22:00),Millwall,1.8,3–1,0.4,Norwich City,16426,The Den,Elliot Bell,Match Report,
Championship,44,Mon,2025-04-21,15:00 (22:00),Luton Town,1.2,3–1,0.7,Bristol City,11874,Kenilworth Road Stadium,John Busby,Match Report,
Championship,44,Mon,2025-04-21,15:00 (22:00),Hull City,2.1,2–1,1.0,Preston,22103,MKM Stadium,Thomas Bramall,Match Report,
Championship,44,Mon,2025-04-21,15:00 (22:00),Sunderland,0.8,0–1,0.3,Blackburn,40031,Stadium of Light,James Bell,Match Report,
Championship,44,Mon,2025-04-21,17:30 (00:30),Burnley,1.9,2–1,0.8,Sheffield Utd,21486,Turf Moor,David Webb,Match Report,
,,,,,,,,,,,,,,
Championship,45,Fri,2025-04-25,20:00 (03:00),Stoke City,0.9,0–2,2.1,Sheffield Utd,24460,bet365 Stadium,Jarred Gillett,Match Report,
Championship,45,Sat,2025-04-26,12:30 (19:30),QPR,0.5,0–5,2.4,Burnley,16977,MATRADE Loftus Road Stadium,James Linington,Match Report,
Championship,45,Sat,2025-04-26,12:30 (19:30),Luton Town,2.3,1–0,0.2,Coventry City,11965,Kenilworth Road Stadium,Oliver Langford,Match Report,
Championship,45,Sat,2025-04-26,15:00 (22:00),Sheffield Weds,1.6,1–1,0.9,Portsmouth,28346,Hillsborough Stadium,Leigh Doughty,Match Report,
Championship,45,Sat,2025-04-26,15:00 (22:00),Preston,2.4,1–2,0.7,Plymouth Argyle,19198,Deepdale Stadium,Matt Donohue,Match Report,
Championship,45,Sat,2025-04-26,15:00 (22:00),Millwall,1.6,1–0,1.0,Swansea City,17239,The Den,Ben Speedie,Match Report,
Championship,45,Sat,2025-04-26,15:00 (22:00),Oxford United,1.5,2–0,0.6,Sunderland,11431,The Kassam Stadium,Tim Robinson,Match Report,
Championship,45,Sat,2025-04-26,15:00 (22:00),Middlesbrough,0.7,0–0,0.6,Norwich City,26374,Riverside Stadium,Dean Whitestone,Match Report,
Championship,45,Sat,2025-04-26,15:00 (22:00),Cardiff City,1.3,0–0,1.4,West Brom,23710,Cardiff City Stadium,Andrew Kitchen,Match Report,
Championship,45,Sat,2025-04-26,15:00 (22:00),Blackburn,1.0,2–1,0.3,Watford,15154,Ewood Park,Elliot Bell,Match Report,
Championship,45,Sat,2025-04-26,15:00 (22:00),Hull City,0.4,0–1,0.3,Derby County,24451,MKM Stadium,Stephen Martin,Match Report,
Championship,45,Mon,2025-04-28,20:00 (03:00),Leeds United,3.6,4–0,0.1,Bristol City,36310,Elland Road,James Bell,Match Report,
,,,,,,,,,,,,,,
Championship,46,Sat,2025-05-03,12:30 (19:30),Sunderland,0.6,0–1,0.5,QPR,42187,Stadium of Light,Anthony Backhouse,Match Report,
Championship,46,Sat,2025-05-03,12:30 (19:30),Norwich City,2.9,4–2,1.8,Cardiff City,26581,Carrow Road,Will Finnie,Match Report,
Championship,46,Sat,2025-05-03,12:30 (19:30),West Brom,2.2,5–3,0.6,Luton Town,25615,The Hawthorns,Darren Bond,Match Report,
Championship,46,Sat,2025-05-03,12:30 (19:30),Coventry City,2.0,2–0,1.4,Middlesbrough,31452,Coventry Building Society Arena,Stuart Attwell,Match Report,
Championship,46,Sat,2025-05-03,12:30 (19:30),Burnley,2.2,3–1,1.8,Millwall,21485,Turf Moor,Andrew Kitchen,Match Report,
Championship,46,Sat,2025-05-03,12:30 (19:30),Portsmouth,0.8,1–1,2.2,Hull City,20420,Fratton Park,John Busby,Match Report,
Championship,46,Sat,2025-05-03,12:30 (19:30),Bristol City,1.9,2–2,1.5,Preston,24987,Ashton Gate Stadium,James Linington,Match Report,
Championship,46,Sat,2025-05-03,12:30 (19:30),Derby County,1.5,0–0,0.2,Stoke City,32471,Pride Park Stadium,Oliver Langford,Match Report,
Championship,46,Sat,2025-05-03,12:30 (19:30),Watford,1.5,1–1,1.9,Sheffield Weds,20657,Vicarage Road Stadium,Stephen Martin,Match Report,
Championship,46,Sat,2025-05-03,12:30 (19:30),Sheffield Utd,2.4,1–1,0.7,Blackburn,30556,Bramall Lane,Farai Hallam,Match Report,
Round,Wk,Day,Date,Time,Home,xG,Score,xG,Away,Attendance,Venue,Referee,Match Report,Notes
Championship,46,Sat,2025-05-03,12:30 (19:30),Plymouth Argyle,0.4,1–2,2.9,Leeds United,16758,Home Park,Jeremy Simpson,Match Report,
Championship,46,Sat,2025-05-03,12:30 (19:30),Swansea City,1.1,3–3,1.9,Oxford United,19672,Swansea.com Stadium,James Bell,Match Report,
,,,,,,,,,,,,,,
Promotion play-offs — Semi-finals,,Thu,2025-05-08,20:00 (03:00),Bristol City,0.2,0–3,2.6,Sheffield Utd,25652,Ashton Gate Stadium,Oliver Langford,Match Report,Leg 1 of 2
Promotion play-offs — Semi-finals,,Fri,2025-05-09,20:00 (03:00),Coventry City,1.7,1–2,1.5,Sunderland,31293,Coventry Building Society Arena,John Busby,Match Report,Leg 1 of 2
Promotion play-offs — Semi-finals,,Mon,2025-05-12,20:00 (03:00),Sheffield Utd,1.5,3–0,0.4,Bristol City,26543,Bramall Lane,Peter Bankes,Match Report,Leg 2 of 2; Sheffield Utd won
Promotion play-offs — Semi-finals,,Tue,2025-05-13,20:00 (03:00),Sunderland,1.1,1–1,1.6,Coventry City,46530,Stadium of Light,Andy Madley,Match Report,Leg 2 of 2; Sunderland won; Required Extra Time
Promotion play-offs — Final,,Sat,2025-05-24,15:01 (22:01),Sheffield Utd,1.5,1–2,0.7,Sunderland,82718,Wembley Stadium connected by EE (Neutral Site),Chris Kavanagh,Match Report,
