Date,Home,Away,Score,HomeGoals,AwayGoals
2025-08-01,Schalke 04,Hertha BSC,2–1,2,1
2025-08-02,Elversberg,Nürnberg,1–0,1,0
2025-08-02,Darmstadt 98,Bochum,4–1,4,1
2025-08-02,Paderborn 07,Holstein Kiel,2–1,2,1
2025-08-02,Karlsruher,Preußen Münster,3–2,3,2
2025-08-02,Arminia,Düsseldorf,5–1,5,1
2025-08-03,Greuther Fürth,Dresden,3–2,3,2
2025-08-03,Hannover 96,Kaiserslautern,1–0,1,0
2025-08-03,Magdeburg,BTSV,0–1,0,1
,,,,,
2025-08-08,Nürnberg,Darmstadt 98,0–1,0,1
2025-08-08,Preußen Münster,Paderborn 07,1–1,1,1
2025-08-09,Dresden,Magdeburg,1–2,1,2
2025-08-09,Düsseldorf,Hannover 96,0–2,0,2
2025-08-09,BTSV,Greuther Fürth,3–2,3,2
2025-08-09,Kaiserslautern,Schalke 04,1–0,1,0
2025-08-10,Holstein Kiel,Arminia,0–2,0,2
2025-08-10,Bochum,Elversberg,2–0,2,0
2025-08-10,Hertha BSC,Karlsruher,0–0,0,0
,,,,,
2025-08-22,Preußen Münster,Nürnberg,2–1,2,1
2025-08-22,Elversberg,Kaiserslautern,2–1,2,1
2025-08-23,Paderborn 07,Düsseldorf,1–2,1,2
2025-08-23,Hannover 96,Magdeburg,3–1,3,1
2025-08-23,Karlsruher,BTSV,2–0,2,0
2025-08-23,Schalke 04,Bochum,2–1,2,1
2025-08-24,Greuther Fürth,Holstein Kiel,0–2,0,2
2025-08-24,Arminia,Dresden,1–2,1,2
2025-08-24,Darmstadt 98,Hertha BSC,0–0,0,0
,,,,,
2025-08-29,Hertha BSC,Elversberg,0–2,0,2
2025-08-29,Nürnberg,Paderborn 07,0–0,0,0
2025-08-30,Holstein Kiel,Hannover 96,1–2,1,2
2025-08-30,BTSV,Arminia,1–1,1,1
2025-08-30,Bochum,Preußen Münster,1–2,1,2
2025-08-30,Düsseldorf,Karlsruher,0–0,0,0
2025-08-31,Magdeburg,Greuther Fürth,4–5,4,5
2025-08-31,Kaiserslautern,Darmstadt 98,3–1,3,1
2025-08-31,Dresden,Schalke 04,0–1,0,1
,,,,,
,Home,Away,Score,,
2025-09-12,Paderborn 07,Bochum,1–0,1,0
2025-09-12,Arminia,Magdeburg,2–0,2,0
2025-09-13,Schalke 04,Holstein Kiel,0–1,0,1
2025-09-13,Karlsruher,Nürnberg,2–1,2,1
2025-09-13,Darmstadt 98,BTSV,2–1,2,1
2025-09-13,Hannover 96,Hertha BSC,0–3,0,3
2025-09-14,Greuther Fürth,Kaiserslautern,0–3,0,3
2025-09-14,Preußen Münster,Düsseldorf,1–2,1,2
2025-09-14,Elversberg,Dresden,2–2,2,2
,,,,,
2025-09-19,Kaiserslautern,Preußen Münster,4–1,4,1
2025-09-19,Arminia,Greuther Fürth,1–3,1,3
2025-09-20,Hertha BSC,Paderborn 07,0–2,0,2
2025-09-20,BTSV,Elversberg,1–4,1,4
2025-09-20,Magdeburg,Schalke 04,0–2,0,2
2025-09-20,Nürnberg,Bochum,2–1,2,1
2025-09-21,Dresden,Hannover 96,2–2,2,2
2025-09-21,Holstein Kiel,Karlsruher,3–0,3,0
2025-09-21,Düsseldorf,Darmstadt 98,0–3,0,3
,,,,,
2025-09-26,Darmstadt 98,Dresden,2–0,2,0
2025-09-26,Schalke 04,Greuther Fürth,1–0,1,0
2025-09-27,Elversberg,Holstein Kiel,1–0,1,0
2025-09-27,Karlsruher,Magdeburg,1–0,1,0
2025-09-27,Paderborn 07,Kaiserslautern,2–0,2,0
2025-09-27,Bochum,Düsseldorf,0–1,0,1
2025-09-28,Hannover 96,Arminia,3–1,3,1
2025-09-28,Nürnberg,Hertha BSC,0–3,0,3
2025-09-28,Preußen Münster,BTSV,3–1,3,1
,,,,,
2025-10-03,BTSV,Paderborn 07,1–2,1,2
2025-10-03,Düsseldorf,Nürnberg,2–3,2,3
2025-10-04,Holstein Kiel,Darmstadt 98,1–1,1,1
2025-10-04,Kaiserslautern,Bochum,3–2,3,2
2025-10-04,Hertha BSC,Preußen Münster,2–1,2,1
2025-10-04,Dresden,Karlsruher,3–3,3,3
2025-10-05,Arminia,Schalke 04,1–2,1,2
2025-10-05,Magdeburg,Elversberg,0–4,0,4
2025-10-05,Greuther Fürth,Hannover 96,2–2,2,2
,,,,,
,Home,Away,Score,,
2025-10-17,Hannover 96,Schalke 04,0–3,0,3
2025-10-17,Düsseldorf,BTSV,1–2,1,2
2025-10-18,Preußen Münster,Dresden,2–2,2,2
2025-10-18,Paderborn 07,Arminia,4–3,4,3
2025-10-18,Karlsruher,Kaiserslautern,2–3,2,3
2025-10-18,Bochum,Hertha BSC,3–2,3,2
2025-10-19,Elversberg,Greuther Fürth,6–0,6,0
2025-10-19,Darmstadt 98,Magdeburg,0–0,0,0
2025-10-19,Nürnberg,Holstein Kiel,1–1,1,1
,,,,,
2025-10-24,Schalke 04,Darmstadt 98,1–0,1,0
2025-10-24,Greuther Fürth,Karlsruher,1–4,1,4
2025-10-25,Arminia,Elversberg,2–0,2,0
2025-10-25,Dresden,Paderborn 07,1–2,1,2
2025-10-25,Holstein Kiel,Bochum,1–1,1,1
2025-10-25,Hertha BSC,Düsseldorf,1–0,1,0
2025-10-26,Magdeburg,Preußen Münster,2–0,2,0
2025-10-26,BTSV,Hannover 96,0–3,0,3
2025-10-26,Kaiserslautern,Nürnberg,1–1,1,1
,,,,,
2025-10-31,Preußen Münster,Holstein Kiel,2–1,2,1
2025-10-31,Elversberg,Hannover 96,2–2,2,2
2025-11-01,Karlsruher,Schalke 04,2–1,2,1
2025-11-01,Hertha BSC,Dresden,2–0,2,0
2025-11-01,Nürnberg,BTSV,2–1,2,1
2025-11-01,Darmstadt 98,Arminia,2–2,2,2
2025-11-02,Paderborn 07,Greuther Fürth,2–1,2,1
2025-11-02,Düsseldorf,Kaiserslautern,1–1,1,1
2025-11-02,Bochum,Magdeburg,2–0,2,0
,,,,,
2025-11-07,Dresden,Nürnberg,1–2,1,2
2025-11-07,Greuther Fürth,Preußen Münster,1–0,1,0
2025-11-08,Arminia,Karlsruher,4–0,4,0
2025-11-08,Hannover 96,Darmstadt 98,2–3,2,3
2025-11-08,Schalke 04,Elversberg,1–0,1,0
2025-11-08,Kaiserslautern,Hertha BSC,0–1,0,1
2025-11-09,Holstein Kiel,Düsseldorf,1–0,1,0
2025-11-09,BTSV,Bochum,0–2,0,2
2025-11-09,Magdeburg,Paderborn 07,0–1,0,1
,,,,,
,Home,Away,Score,,
2025-11-21,Hertha BSC,BTSV,1–0,1,0
2025-11-21,Bochum,Dresden,1–2,1,2
2025-11-22,Düsseldorf,Magdeburg,2–1,2,1
2025-11-22,Preußen Münster,Schalke 04,0–0,0,0
2025-11-22,Paderborn 07,Hannover 96,0–2,0,2
2025-11-22,Darmstadt 98,Greuther Fürth,4–2,4,2
2025-11-23,Karlsruher,Elversberg,2–3,2,3
2025-11-23,Nürnberg,Arminia,2–0,2,0
2025-11-23,Kaiserslautern,Holstein Kiel,4–1,4,1
,,,,,
2025-11-28,Hannover 96,Karlsruher,3–0,3,0
2025-11-28,Schalke 04,Paderborn 07,2–1,2,1
2025-11-29,Greuther Fürth,Bochum,0–3,0,3
2025-11-29,BTSV,Kaiserslautern,2–0,2,0
2025-11-29,Holstein Kiel,Hertha BSC,0–1,0,1
2025-11-29,Magdeburg,Nürnberg,3–0,3,0
2025-11-30,Dresden,Düsseldorf,2–1,2,1
2025-11-30,Arminia,Preußen Münster,1–2,1,2
2025-11-30,Elversberg,Darmstadt 98,0–0,0,0
,,,,,
2025-12-05,Preußen Münster,Hannover 96,2–2,2,2
2025-12-05,Düsseldorf,Schalke 04,0–2,0,2
2025-12-06,Paderborn 07,Elversberg,1–2,1,2
2025-12-06,Kaiserslautern,Dresden,3–1,3,1
2025-12-06,Bochum,Arminia,1–0,1,0
2025-12-06,Darmstadt 98,Karlsruher,3–2,3,2
2025-12-07,BTSV,Holstein Kiel,1–1,1,1
2025-12-07,Hertha BSC,Magdeburg,0–2,0,2
2025-12-07,Nürnberg,Greuther Fürth,2–2,2,2
,,,,,
2025-12-12,Dresden,BTSV,2–3,2,3
2025-12-12,Greuther Fürth,Hertha BSC,3–3,3,3
2025-12-13,Karlsruher,Paderborn 07,0–4,0,4
2025-12-13,Magdeburg,Holstein Kiel,3–3,3,3
2025-12-13,Arminia,Kaiserslautern,0–0,0,0
2025-12-13,Hannover 96,Bochum,0–0,0,0
2025-12-14,Elversberg,Düsseldorf,1–0,1,0
2025-12-14,Darmstadt 98,Preußen Münster,1–0,1,0
2025-12-14,Schalke 04,Nürnberg,1–0,1,0
,,,,,
,Home,Away,Score,,
2025-12-19,Hertha BSC,Arminia,1–1,1,1
2025-12-19,Paderborn 07,Darmstadt 98,2–2,2,2
2025-12-20,Bochum,Karlsruher,2–2,2,2
2025-12-20,Düsseldorf,Greuther Fürth,2–1,2,1
2025-12-20,Kaiserslautern,Magdeburg,2–3,2,3
2025-12-20,Holstein Kiel,Dresden,2–1,2,1
2025-12-21,Preußen Münster,Elversberg,1–1,1,1
2025-12-21,Nürnberg,Hannover 96,2–1,2,1
2025-12-21,BTSV,Schalke 04,2–1,2,1
,,,,,
2026-01-16,Düsseldorf,Arminia,,,
2026-01-16,BTSV,Magdeburg,,,
2026-01-17,Preußen Münster,Karlsruher,,,
2026-01-17,Nürnberg,Elversberg,,,
2026-01-17,Dresden,Greuther Fürth,,,
2026-01-17,Hertha BSC,Schalke 04,,,
2026-01-18,Bochum,Darmstadt 98,,,
2026-01-18,Holstein Kiel,Paderborn 07,,,
2026-01-18,Kaiserslautern,Hannover 96,,,
,,,,,
2026-01-23,Arminia,Holstein Kiel,,,
2026-01-23,Darmstadt 98,Nürnberg,,,
2026-01-24,Karlsruher,Hertha BSC,,,
2026-01-24,Greuther Fürth,BTSV,,,
2026-01-24,Hannover 96,Düsseldorf,,,
2026-01-24,Magdeburg,Dresden,,,
2026-01-25,Paderborn 07,Preußen Münster,,,
2026-01-25,Elversberg,Bochum,,,
2026-01-25,Schalke 04,Kaiserslautern,,,
,,,,,
2026-01-30,Nürnberg,Preußen Münster,,,
2026-01-30,Magdeburg,Hannover 96,,,
2026-01-31,Bochum,Schalke 04,,,
2026-01-31,Holstein Kiel,Greuther Fürth,,,
2026-01-31,BTSV,Karlsruher,,,
2026-01-31,Kaiserslautern,Elversberg,,,
2026-02-01,Hertha BSC,Darmstadt 98,,,
2026-02-01,Dresden,Arminia,,,
2026-02-01,Düsseldorf,Paderborn 07,,,
,,,,,
,Home,Away,Score,,
2026-02-06,Preußen Münster,Bochum,,,
2026-02-06,Greuther Fürth,Magdeburg,,,
2026-02-07,Elversberg,Hertha BSC,,,
2026-02-07,Schalke 04,Dresden,,,
2026-02-07,Paderborn 07,Nürnberg,,,
2026-02-07,Darmstadt 98,Kaiserslautern,,,
2026-02-08,Hannover 96,Holstein Kiel,,,
2026-02-08,Arminia,BTSV,,,
2026-02-08,Karlsruher,Düsseldorf,,,
,,,,,
2026-02-13,Nürnberg,Karlsruher,,,
2026-02-13,Düsseldorf,Preußen Münster,,,
2026-02-14,BTSV,Darmstadt 98,,,
2026-02-14,Kaiserslautern,Greuther Fürth,,,
2026-02-14,Hertha BSC,Hannover 96,,,
2026-02-14,Dresden,Elversberg,,,
2026-02-15,Holstein Kiel,Schalke 04,,,
2026-02-15,Magdeburg,Arminia,,,
2026-02-15,Bochum,Paderborn 07,,,
,,,,,
2026-02-20,Bochum,Nürnberg,,,
2026-02-20,Greuther Fürth,Arminia,,,
2026-02-21,Karlsruher,Holstein Kiel,,,
2026-02-21,Elversberg,BTSV,,,
2026-02-21,Darmstadt 98,Düsseldorf,,,
2026-02-21,Schalke 04,Magdeburg,,,
2026-02-22,Preußen Münster,Kaiserslautern,,,
2026-02-22,Hannover 96,Dresden,,,
2026-02-22,Paderborn 07,Hertha BSC,,,
,,,,,
2026-02-27,Dresden,Darmstadt 98,,,
2026-02-27,Düsseldorf,Bochum,,,
2026-02-28,Holstein Kiel,Elversberg,,,
2026-02-28,Kaiserslautern,Paderborn 07,,,
2026-02-28,Arminia,Hannover 96,,,
2026-02-28,Greuther Fürth,Schalke 04,,,
2026-03-01,Hertha BSC,Nürnberg,,,
2026-03-01,Magdeburg,Karlsruher,,,
2026-03-01,BTSV,Preußen Münster,,,
,,,,,
,Home,Away,Score,,
2026-03-07,Darmstadt 98,Holstein Kiel,,,
2026-03-07,Paderborn 07,BTSV,,,
2026-03-07,Karlsruher,Dresden,,,
2026-03-07,Elversberg,Magdeburg,,,
2026-03-07,Nürnberg,Düsseldorf,,,
2026-03-07,Preußen Münster,Hertha BSC,,,
2026-03-07,Bochum,Kaiserslautern,,,
2026-03-07,Hannover 96,Greuther Fürth,,,
2026-03-07,Schalke 04,Arminia,,,
,,,,,
2026-03-14,Dresden,Preußen Münster,,,
2026-03-14,Schalke 04,Hannover 96,,,
2026-03-14,BTSV,Düsseldorf,,,
2026-03-14,Holstein Kiel,Nürnberg,,,
2026-03-14,Arminia,Paderborn 07,,,
2026-03-14,Kaiserslautern,Karlsruher,,,
2026-03-14,Magdeburg,Darmstadt 98,,,
2026-03-14,Greuther Fürth,Elversberg,,,
2026-03-14,Hertha BSC,Bochum,,,
,,,,,
2026-03-21,Bochum,Holstein Kiel,,,
2026-03-21,Karlsruher,Greuther Fürth,,,
2026-03-21,Düsseldorf,Hertha BSC,,,
2026-03-21,Nürnberg,Kaiserslautern,,,
2026-03-21,Paderborn 07,Dresden,,,
2026-03-21,Hannover 96,BTSV,,,
2026-03-21,Darmstadt 98,Schalke 04,,,
2026-03-21,Elversberg,Arminia,,,
2026-03-21,Preußen Münster,Magdeburg,,,
,,,,,
2026-04-04,Dresden,Hertha BSC,,,
2026-04-04,Holstein Kiel,Preußen Münster,,,
2026-04-04,Hannover 96,Elversberg,,,
2026-04-04,Kaiserslautern,Düsseldorf,,,
2026-04-04,Arminia,Darmstadt 98,,,
2026-04-04,Schalke 04,Karlsruher,,,
2026-04-04,BTSV,Nürnberg,,,
2026-04-04,Magdeburg,Bochum,,,
2026-04-04,Greuther Fürth,Paderborn 07,,,
,,,,,
,Home,Away,Score,,
2026-04-11,Elversberg,Schalke 04,,,
2026-04-11,Nürnberg,Dresden,,,
2026-04-11,Bochum,BTSV,,,
2026-04-11,Karlsruher,Arminia,,,
2026-04-11,Preußen Münster,Greuther Fürth,,,
2026-04-11,Hertha BSC,Kaiserslautern,,,
2026-04-11,Darmstadt 98,Hannover 96,,,
2026-04-11,Paderborn 07,Magdeburg,,,
2026-04-11,Düsseldorf,Holstein Kiel,,,
,,,,,
2026-04-18,Hannover 96,Paderborn 07,,,
2026-04-18,Schalke 04,Preußen Münster,,,
2026-04-18,Elversberg,Karlsruher,,,
2026-04-18,Greuther Fürth,Darmstadt 98,,,
2026-04-18,Holstein Kiel,Kaiserslautern,,,
2026-04-18,BTSV,Hertha BSC,,,
2026-04-18,Arminia,Nürnberg,,,
2026-04-18,Magdeburg,Düsseldorf,,,
2026-04-18,Dresden,Bochum,,,
,,,,,
2026-04-25,Preußen Münster,Arminia,,,
2026-04-25,Kaiserslautern,BTSV,,,
2026-04-25,Nürnberg,Magdeburg,,,
2026-04-25,Karlsruher,Hannover 96,,,
2026-04-25,Hertha BSC,Holstein Kiel,,,
2026-04-25,Düsseldorf,Dresden,,,
2026-04-25,Darmstadt 98,Elversberg,,,
2026-04-25,Paderborn 07,Schalke 04,,,
2026-04-25,Bochum,Greuther Fürth,,,
,,,,,
2026-05-02,Elversberg,Paderborn 07,,,
2026-05-02,Greuther Fürth,Nürnberg,,,
2026-05-02,Karlsruher,Darmstadt 98,,,
2026-05-02,Magdeburg,Hertha BSC,,,
2026-05-02,Hannover 96,Preußen Münster,,,
2026-05-02,Holstein Kiel,BTSV,,,
2026-05-02,Dresden,Kaiserslautern,,,
2026-05-02,Schalke 04,Düsseldorf,,,
2026-05-02,Arminia,Bochum,,,
,,,,,
,Home,Away,Score,,
2026-05-09,Hertha BSC,Greuther Fürth,,,
2026-05-09,Nürnberg,Schalke 04,,,
2026-05-09,Bochum,Hannover 96,,,
2026-05-09,BTSV,Dresden,,,
2026-05-09,Holstein Kiel,Magdeburg,,,
2026-05-09,Kaiserslautern,Arminia,,,
2026-05-09,Düsseldorf,Elversberg,,,
2026-05-09,Preußen Münster,Darmstadt 98,,,
2026-05-09,Paderborn 07,Karlsruher,,,
,,,,,
2026-05-17,Darmstadt 98,Paderborn 07,,,
2026-05-17,Arminia,Hertha BSC,,,
2026-05-17,Magdeburg,Kaiserslautern,,,
2026-05-17,Elversberg,Preußen Münster,,,
2026-05-17,Karlsruher,Bochum,,,
2026-05-17,Hannover 96,Nürnberg,,,
2026-05-17,Schalke 04,BTSV,,,
2026-05-17,Greuther Fürth,Düsseldorf,,,
2026-05-17,Dresden,Holstein Kiel,,,
