match_id,match_num,match_num_str,jc_date,business_date,match_time,league_name_jc,league_abb_name,league_id,home_team_cn,home_team_abb,home_team_id,away_team_cn,away_team_abb,away_team_id,full_score_raw,half_score_raw,hcp_sp_home_now,hcp_sp_draw_now,hcp_sp_away_now,hcp_line_now,spf_sp_home_now,spf_sp_draw_now,spf_sp_away_now,match_status,sell_status,weekday,back_color,bettingSingle,poolStatus,hcp_p_home_now,hcp_p_draw_now,hcp_p_away_now,hcp_p_home_minus_away_now,spf_p_home_now,spf_p_draw_now,spf_p_away_now,spf_p_home_minus_away_now,bonus_isCancel,hcp_sp_home_open,hcp_sp_draw_open,hcp_sp_away_open,hcp_line_open,hcp_sp_home_close,hcp_sp_draw_close,hcp_sp_away_close,hcp_line_close,hcp_p_home_close,hcp_p_draw_close,hcp_p_away_close,hcp_p_home_minus_away_close,bonus_score,spf_sp_home_open,spf_sp_draw_open,spf_sp_away_open,spf_sp_home_close,spf_sp_draw_close,spf_sp_away_close,spf_p_home_close,spf_p_draw_close,spf_p_away_close,spf_p_home_minus_away_close,home_team_short_name,away_team_short_name,home_goal_avg_cnt,away_goal_avg_cnt,home_goal_avg_ratio,away_goal_avg_ratio,home_loss_goal_avg_cnt,away_loss_goal_avg_cnt,home_loss_goal_avg_ratio,away_loss_goal_avg_ratio,home_win_cnt,home_draw_cnt,home_loss_cnt,away_win_cnt,away_draw_cnt,away_loss_cnt,home_score_ratio,away_score_ratio,total_leg_cnt,same_home_win_cnt,same_home_draw_cnt,same_home_loss_cnt,same_away_win_cnt,same_away_draw_cnt,same_away_loss_cnt,same_home_score_ratio,same_away_score_ratio,home_win_rate,away_win_rate,home_away_goal_diff,home_away_loss_goal_diff,home_team_fbref,away_team_fbref,home_GF,home_GA,home_xG,home_xGA,home_Pts,home_Home.xG,home_Home.xGA,home_Away.xG,home_Away.xGA,home_def_strength,home_off_buildup,home_tempo,away_GF,away_GA,away_xG,away_xGA,away_Pts,away_Home.xG,away_Home.xGA,away_Away.xG,away_Away.xGA,away_def_strength,away_off_buildup,away_tempo,tempo_diff
2037136,3001,周三001,2026-01-22,2026-01-21,01:30,沙特职业联赛,沙职,2068446,达马克,达马克,2065841,利雅得胜利,利雅胜利,1560,,,2.38,4.1,2.15,2.0,,,,Define,,周三,2E7D32,,,0.3720979316167159,0.21599831152384974,0.41190375685943437,-0.03980582524271847,,,,,0,2.38,4.1,2.38,2.0,2.38,4.1,2.15,2.0,0.3720979316167159,0.21599831152384974,0.41190375685943437,-0.03980582524271847,,,,,,,,,,,,达马克,利雅胜利,0.7,2.8,20.0,80.0,1.2,1.5,44.4,55.6,1,7,2,6,1,3,33.0,63.0,10,1,4,5,7,1,2,23.0,73.0,0.1,0.6,-2.0999999999999996,-0.30000000000000004,Damac,,11.0,25.0,,,10.0,,,,,-0.433887502883756,,-1.2698009886657728,,,,,,,,,,,,,
2037137,3002,周三002,2026-01-22,2026-01-21,01:45,欧洲冠军联赛,欧冠,69,卡拉巴赫,卡拉巴赫,1253,法兰克福,法兰克福,170,,,1.68,3.8,3.7,1.0,2.95,3.7,1.93,Selling,2,周三,F75000,,,0.5273818454613654,0.2331582895723931,0.23945986496624153,0.28792198049512385,0.30068001431609087,0.2397313627655319,0.4595886229183773,-0.15890860860228645,0,1.68,3.8,1.68,1.0,1.68,3.8,3.7,1.0,0.5273818454613654,0.2331582895723931,0.23945986496624153,0.28792198049512385,,2.95,3.7,1.93,2.95,3.7,1.93,0.30068001431609087,0.2397313627655319,0.4595886229183773,-0.15890860860228645,卡拉巴赫,法兰克福,2.2,1.6,57.9,42.1,1.3,2.5,34.2,65.8,6,1,3,2,4,4,63.0,33.0,10,7,2,1,1,5,4,77.0,27.0,0.6,0.2,0.6000000000000001,-1.2,,Eint Frankfurt,,,,,,,,,,,,,35.0,36.0,23.8,21.7,26.0,12.6,9.0,11.2,12.7,-2.254077472931314,-0.4320437653828988,0.8366703554965502,
2037138,3003,周三003,2026-01-22,2026-01-21,01:45,欧洲冠军联赛,欧冠,69,加拉塔萨雷,加拉塔萨,283,马德里竞技,马竞,172,,,1.68,3.75,3.75,1.0,2.95,3.64,1.94,Selling,2,周三,F75000,,,0.5274261603375527,0.23628691983122363,0.23628691983122363,0.2911392405063291,0.30020490932124855,0.24329793475211073,0.45649715592664086,-0.15629224660539232,0,1.68,3.75,1.68,1.0,1.68,3.75,3.75,1.0,0.5274261603375527,0.23628691983122363,0.23628691983122363,0.2911392405063291,,2.95,3.64,1.94,2.95,3.64,1.94,0.30020490932124855,0.24329793475211073,0.45649715592664086,-0.15629224660539232,加拉塔萨,马竞,1.9,1.6,54.3,45.7,1.0,1.2,45.5,54.5,6,2,2,6,1,3,67.0,63.0,10,6,2,2,6,1,3,67.0,63.0,0.6,0.6,0.2999999999999998,-0.19999999999999996,,Atlético Madrid,,,,,,,,,,,,,34.0,17.0,30.4,22.3,38.0,20.3,8.4,10.1,13.8,0.14004744184654225,1.1085163116872898,1.2008143438242525,
2037139,3004,周三004,2026-01-22,2026-01-21,01:45,荷兰甲级联赛,荷甲,17,阿尔克马尔,阿尔克马,241,SBV精英,SBV精英,816,,,1.68,3.98,3.55,-1.0,1.19,5.65,9.0,Selling,2,周三,FF6699,,,0.5276070412331867,0.22270849981702354,0.2496844589497898,0.2779225822833969,0.7446894198452042,0.1568460901974855,0.09846448995731033,0.6462249298878939,0,1.68,3.98,1.68,-1.0,1.68,3.98,3.55,-1.0,0.5276070412331867,0.22270849981702354,0.2496844589497898,0.2779225822833969,,1.19,5.65,9.0,1.19,5.65,9.0,0.7446894198452042,0.1568460901974855,0.09846448995731033,0.6462249298878939,阿尔克马,SBV精英,2.1,1.3,61.8,38.2,1.1,1.8,37.9,62.1,5,2,3,3,3,4,57.0,40.0,10,6,3,1,2,2,6,70.0,27.0,0.5,0.3,0.8,-0.7,AZ Alkmaar,,32.0,28.0,36.1,23.4,28.0,17.2,10.8,18.9,12.6,-0.680568833492864,1.083587154999002,1.211995392416736,,,,,,,,,,,,,
2037140,3005,周三005,2026-01-22,2026-01-21,04:00,欧洲冠军联赛,欧冠,69,切尔西,切尔西,7,帕福斯,帕福斯,1055702,,,1.85,4.05,2.92,-2.0,,,,Selling,2,周三,F75000,,,0.4783883821120123,0.21852308812524024,0.3030885297627475,0.17529985234926476,,,,,0,1.85,4.05,1.85,-2.0,1.85,4.05,2.92,-2.0,0.4783883821120123,0.21852308812524024,0.3030885297627475,0.17529985234926476,,,,,,,,,,,,切尔西,帕福斯,2.1,1.8,53.8,46.2,1.4,1.2,53.8,46.2,4,3,3,6,1,3,50.0,63.0,10,5,2,3,4,2,4,57.0,47.0,0.4,0.6,0.30000000000000004,0.19999999999999996,Chelsea,,34.0,24.0,36.8,28.4,31.0,18.1,13.5,18.7,15.0,-0.45750316812556285,2.0495860241461874,2.2146663616158255,,,,,,,,,,,,,
2037141,3006,周三006,2026-01-22,2026-01-21,04:00,欧洲冠军联赛,欧冠,69,亚特兰大,亚特兰大,117,毕尔巴鄂竞技,毕尔巴鄂,506,,,3.3,3.35,1.9,-1.0,1.68,3.45,4.1,Selling,2,周三,F75000,,,0.2686787674124103,0.26466863655550865,0.46665259603208104,-0.19797382861967072,0.5272279995527228,0.2567371128256737,0.2160348876216035,0.3111931119311193,0,3.3,3.35,3.3,-1.0,3.3,3.35,1.9,-1.0,0.2686787674124103,0.26466863655550865,0.46665259603208104,-0.19797382861967072,,1.68,3.45,4.1,1.68,3.45,4.1,0.5272279995527228,0.2567371128256737,0.2160348876216035,0.3111931119311193,亚特兰大,毕尔巴鄂,1.6,0.8,66.7,33.3,0.7,1.9,26.9,73.1,7,1,2,1,4,5,73.0,23.0,10,6,2,2,1,4,5,67.0,23.0,0.7,0.1,0.8,-1.2,Atalanta,Athletic Club,25.0,19.0,28.8,19.3,31.0,19.0,9.9,9.8,9.4,-1.148718971754395,1.4179629451455562,1.5003815179913906,17.0,25.0,25.7,19.2,24.0,14.7,7.6,11.0,11.6,0.1684099405777286,0.17543433000571115,-0.6176401696978601,2.1180216876892506
2037142,3007,周三007,2026-01-22,2026-01-21,04:00,欧洲冠军联赛,欧冠,69,尤文图斯,尤文图斯,124,本菲卡,本菲卡,267,,,2.82,3.4,2.08,-1.0,1.57,3.65,4.6,Selling,2,周三,F75000,,,0.3139539013389211,0.260397059345811,0.42564903931526793,-0.11169513797634684,0.5645120618643356,0.24281751702109777,0.19267042111456673,0.37184164074976883,0,2.82,3.4,2.82,-1.0,2.82,3.4,2.08,-1.0,0.3139539013389211,0.260397059345811,0.42564903931526793,-0.11169513797634684,,1.57,3.65,4.6,1.57,3.65,4.6,0.5645120618643356,0.24281751702109777,0.19267042111456673,0.37184164074976883,尤文图斯,本菲卡,1.9,1.8,51.4,48.6,0.5,0.8,38.5,61.5,7,1,2,6,2,2,73.0,67.0,10,6,4,0,7,1,2,73.0,73.0,0.7,0.6,0.09999999999999987,-0.30000000000000004,Juventus,Benfica,32.0,16.0,33.1,16.7,39.0,19.8,8.4,13.3,8.3,-2.6373978229686323,1.9388162819583765,2.57955773684557,36.0,11.0,31.0,12.6,39.0,18.6,5.9,12.4,6.6,-2.003842902305884,0.6400774830302276,1.6029453410627794,0.9766123957827908
2037143,3008,周三008,2026-01-22,2026-01-21,04:00,欧洲冠军联赛,欧冠,69,拜仁慕尼黑,拜仁,137,圣吉尔联合,圣吉联合,2484,,,1.97,4.2,2.62,-2.0,,,,Selling,2,周三,F75000,,,0.4502565529431983,0.2111917641185954,0.3385516829382063,0.11170487000499196,,,,,0,1.97,4.2,1.97,-2.0,1.97,4.2,2.62,-2.0,0.4502565529431983,0.2111917641185954,0.3385516829382063,0.11170487000499196,,,,,,,,,,,,拜仁,圣吉联合,4.1,1.3,75.9,24.1,0.9,0.8,52.9,47.1,9,1,0,5,3,2,93.0,60.0,10,9,1,0,4,3,3,93.0,50.0,0.9,0.5,2.8,0.09999999999999998,Bayern Munich,,66.0,13.0,46.9,11.9,47.0,25.3,6.6,21.6,5.3,-3.5262989205139115,3.482731633244303,5.668728580385115,,,,,,,,,,,,,
2037144,3009,周三009,2026-01-22,2026-01-21,04:00,欧洲冠军联赛,欧冠,69,布拉格斯拉维亚,斯拉维亚,336,巴塞罗那,巴萨,401,,,3.08,3.92,1.82,1.0,6.6,5.25,1.27,Selling,2,周三,F75000,,,0.2875197472353871,0.22590837282780415,0.4865718799368089,-0.1990521327014218,0.1341562792382217,0.168653608185193,0.6971901125765853,-0.5630338333383635,0,3.08,3.92,3.08,1.0,3.08,3.92,1.82,1.0,0.2875197472353871,0.22590837282780415,0.4865718799368089,-0.1990521327014218,,6.6,5.25,1.27,6.6,5.25,1.27,0.1341562792382217,0.168653608185193,0.6971901125765853,-0.5630338333383635,斯拉维亚,巴萨,2.3,2.6,46.9,53.1,1.7,0.8,68.0,32.0,6,2,2,9,0,1,67.0,90.0,10,5,3,2,6,1,3,60.0,63.0,0.6,0.9,-0.30000000000000027,0.8999999999999999,,Barcelona,,,,,,,,,,,,,53.0,20.0,43.3,24.9,49.0,21.7,7.5,21.6,17.4,-1.7868204327715036,3.6908188826724007,5.111895867056881,
2037145,3010,周三010,2026-01-22,2026-01-21,04:00,欧洲冠军联赛,欧冠,69,马赛,马赛,182,利物浦,利物浦,11,,,1.85,3.65,3.18,1.0,3.62,3.6,1.74,Selling,2,周三,F75000,,,0.47878725378983183,0.2426729916469011,0.278539754563267,0.20024749922656482,0.2447372122462375,0.24609686342538328,0.5091659243283791,-0.26442871208214164,0,1.85,3.65,1.85,1.0,1.85,3.65,3.18,1.0,0.47878725378983183,0.2426729916469011,0.278539754563267,0.20024749922656482,,3.62,3.6,1.74,3.62,3.6,1.74,0.2447372122462375,0.24609686342538328,0.5091659243283791,-0.26442871208214164,马赛,利物浦,3.0,1.7,63.8,36.2,1.2,0.9,57.1,42.9,6,2,2,5,5,0,67.0,67.0,10,6,2,2,4,3,3,67.0,50.0,0.6,0.5,1.3,0.29999999999999993,Marseille,Liverpool,36.0,17.0,30.5,20.6,32.0,18.9,10.8,11.7,9.8,-3.3215669665944167,0.8049680712374939,1.7677943291704659,32.0,28.0,31.9,23.8,35.0,16.1,10.3,15.7,13.5,0.35352361543095356,2.7674564847669343,2.792688198012703,-1.0248938688422373
2037146,3011,周三011,2026-01-22,2026-01-21,04:00,欧洲冠军联赛,欧冠,69,纽卡斯尔联,纽卡斯尔,15,PSV埃因霍温,埃因霍温,250,,,1.96,3.8,2.82,-1.0,1.31,5.0,6.1,Selling,2,周三,F75000,,,0.45231984872019987,0.2333018167083136,0.31437833457148645,0.13794151414871342,0.6771608090406519,0.17741613196865083,0.1454230589906974,0.5317377500499545,0,1.96,3.8,1.96,-1.0,1.96,3.8,2.82,-1.0,0.45231984872019987,0.2333018167083136,0.31437833457148645,0.13794151414871342,,1.31,5.0,6.1,1.31,5.0,6.1,0.6771608090406519,0.17741613196865083,0.1454230589906974,0.5317377500499545,纽卡斯尔,埃因霍温,1.5,3.1,32.6,67.4,1.3,1.1,54.2,45.8,4,3,3,9,0,1,50.0,90.0,10,6,3,1,9,1,0,70.0,93.0,0.4,0.9,-1.6,0.19999999999999996,Newcastle Utd,PSV Eindhoven,32.0,27.0,31.0,23.3,32.0,21.1,13.3,9.9,10.0,1.3561532580486109,1.4077240886727822,0.6775484187384476,57.0,22.0,37.8,22.0,49.0,22.1,11.7,15.7,10.3,-0.19793722423802576,3.3786499988057623,4.73074817337677,-4.053199754638323
2037147,3012,周三012,2026-01-22,2026-01-21,04:00,英格兰冠军联赛,英冠,20,斯托克城,斯托克城,59,米德尔斯堡,米堡,14,,,1.52,3.9,4.65,1.0,2.85,3.15,2.17,Define,,周三,CC3300,,,0.5825383058687482,0.2270405704924352,0.19042112363881658,0.39211718222993164,0.3107398568019093,0.28114558472553697,0.40811455847255373,-0.09737470167064444,0,1.52,3.9,1.52,1.0,1.52,3.9,4.65,1.0,0.5825383058687482,0.2270405704924352,0.19042112363881658,0.39211718222993164,,2.85,3.15,2.17,2.85,3.15,2.17,0.3107398568019093,0.28114558472553697,0.40811455847255373,-0.09737470167064444,斯托克城,米堡,0.7,1.7,29.2,70.8,0.9,1.2,42.9,57.1,4,2,4,5,1,4,47.0,53.0,10,5,2,3,4,2,4,57.0,47.0,0.4,0.5,-1.0,-0.29999999999999993,Stoke City,Middlesbrough,32.0,23.0,29.1,32.0,40.0,12.3,11.3,16.8,20.8,1.3358508833161975,1.5983827482054915,1.1753105660012182,37.0,26.0,31.6,24.7,46.0,16.3,14.1,15.4,10.6,3.2867318317758634,3.461919483165814,2.5234913020548335,-1.3481807360536153
2037148,4001,周四001,2026-01-23,2026-01-22,01:30,沙特职业联赛,沙职,2068446,胡巴尔卡德西亚,胡巴卡德,2065838,吉达联合,吉达联合,751,,,4.25,4.1,1.54,-1.0,2.16,3.65,2.55,Define,,周四,2E7D32,,,0.2084929335622771,0.21612072381455555,0.5753863426231673,-0.36689340906089024,0.4100310579528183,0.24264851648714728,0.3473204255600344,0.0627106323927839,0,4.25,4.1,4.25,-1.0,4.25,4.1,1.54,-1.0,0.2084929335622771,0.21612072381455555,0.5753863426231673,-0.36689340906089024,,2.16,3.65,2.55,2.16,3.65,2.55,0.4100310579528183,0.24264851648714728,0.3473204255600344,0.0627106323927839,胡巴卡德,吉达联合,2.8,2.0,58.3,41.7,1.2,0.9,57.1,42.9,6,2,2,7,1,2,67.0,73.0,10,6,2,2,6,2,2,67.0,67.0,0.6,0.7,0.7999999999999998,0.29999999999999993,,,,,,,,,,,,,,,,,,,,,,,,,,,
2037149,4002,周四002,2026-01-23,2026-01-22,01:30,沙特职业联赛,沙职,2068446,利雅得新月,利雅新月,1009,迈季迈阿宽广,迈季宽广,1046326,,,2.08,4.0,2.51,-2.0,,,,Define,,周四,2E7D32,,,0.42577011806215226,0.2214004613923192,0.3528294205455286,0.07294069751662363,,,,,0,2.08,4.0,2.08,-2.0,2.08,4.0,2.51,-2.0,0.42577011806215226,0.2214004613923192,0.3528294205455286,0.07294069751662363,,,,,,,,,,,,利雅新月,迈季宽广,2.7,0.8,77.1,22.9,0.7,2.1,25.0,75.0,10,0,0,1,3,6,100.0,20.0,10,10,0,0,2,2,6,100.0,27.0,1.0,0.1,1.9000000000000001,-1.4000000000000001,,,,,,,,,,,,,,,,,,,,,,,,,,,
2037150,4003,周四003,2026-01-23,2026-01-22,01:45,欧罗巴联赛,欧罗巴,70,费耶诺德,费耶诺德,245,格拉茨风暴,格风暴,1276,,,2.04,3.47,2.85,-1.0,1.31,4.75,6.45,Define,,周四,CC9933,,,0.43408698858324224,0.25519811432559486,0.31071489709116284,0.1233720914920794,0.676182698992485,0.1864840706695064,0.1373332303380086,0.5388494686544764,0,2.04,3.47,2.04,-1.0,2.04,3.47,2.85,-1.0,0.43408698858324224,0.25519811432559486,0.31071489709116284,0.1233720914920794,,1.31,4.75,6.45,1.31,4.75,6.45,0.676182698992485,0.1864840706695064,0.1373332303380086,0.5388494686544764,费耶诺德,格风暴,2.2,1.0,68.8,31.3,2.5,1.6,61.0,39.0,2,2,6,2,3,5,27.0,30.0,10,4,1,5,3,2,5,43.0,37.0,0.2,0.2,1.2000000000000002,0.8999999999999999,Feyenoord,,44.0,23.0,38.9,19.4,36.0,21.2,9.8,17.7,9.5,-1.622438403411143,2.6500981465873124,2.962049239237622,,,,,,,,,,,,,
2037151,4004,周四004,2026-01-23,2026-01-22,01:45,欧罗巴联赛,欧罗巴,70,博洛尼亚,博洛尼亚,118,凯尔特人,凯尔特人,211,,,2.5,3.35,2.32,-1.0,1.47,4.0,5.05,Define,,周四,CC9933,,,0.35412584863534885,0.26427302136966324,0.38160112999498796,-0.027475281359639114,0.6029220827674721,0.22157386541704596,0.17550405181548195,0.4274180309519901,0,2.5,3.35,2.5,-1.0,2.5,3.35,2.32,-1.0,0.35412584863534885,0.26427302136966324,0.38160112999498796,-0.027475281359639114,,1.47,4.0,5.05,1.47,4.0,5.05,0.6029220827674721,0.22157386541704596,0.17550405181548195,0.4274180309519901,博洛尼亚,凯尔特人,1.0,1.7,37.0,63.0,1.6,1.6,50.0,50.0,2,3,5,5,0,5,30.0,50.0,10,3,3,4,6,0,4,40.0,60.0,0.2,0.5,-0.7,0.0,Bologna,,26.0,20.0,25.0,23.6,27.0,12.6,8.7,12.4,14.9,-2.3987788316351657,-0.12066437392137908,0.4232460222864829,,,,,,,,,,,,,
2037152,4005,周四005,2026-01-23,2026-01-22,01:45,欧罗巴联赛,欧罗巴,70,年轻人,年轻人,307,里昂,里昂,181,,,2.03,3.5,2.85,1.0,4.0,3.88,1.61,Define,,周四,CC9933,,,0.43624674728302476,0.2530231134241543,0.31073013929282106,0.1255166079902037,0.22146432775075517,0.22831373994923215,0.5502219323000128,-0.3287576045492576,0,2.03,3.5,2.03,1.0,2.03,3.5,2.85,1.0,0.43624674728302476,0.2530231134241543,0.31073013929282106,0.1255166079902037,,4.0,3.88,1.61,4.0,3.88,1.61,0.22146432775075517,0.22831373994923215,0.5502219323000128,-0.3287576045492576,年轻人,里昂,1.6,2.2,42.1,57.9,2.2,0.5,81.5,18.5,3,1,6,8,1,1,33.0,83.0,10,5,1,4,4,3,3,53.0,50.0,0.3,0.8,-0.6000000000000001,1.7000000000000002,,Lyon,,,,,,,,,,,,,25.0,17.0,26.9,20.6,30.0,15.2,7.8,11.7,12.8,-2.3262737270655536,-0.34418049686775665,0.6997046427310228,
2037153,4006,周四006,2026-01-23,2026-01-22,01:45,欧罗巴联赛,欧罗巴,70,费内巴切,费内巴切,311,阿斯顿维拉,维拉,2,,,4.65,3.85,1.53,-1.0,2.19,3.35,2.67,Define,,周四,CC9933,,,0.1905848095122543,0.23018684785246296,0.5792283426352827,-0.38864353312302835,0.4042108973576823,0.2642453328994997,0.3315437697428181,0.07266712761486421,0,4.65,3.85,4.65,-1.0,4.65,3.85,1.53,-1.0,0.1905848095122543,0.23018684785246296,0.5792283426352827,-0.38864353312302835,,2.19,3.35,2.67,2.19,3.35,2.67,0.4042108973576823,0.2642453328994997,0.3315437697428181,0.07266712761486421,费内巴切,维拉,2.2,1.7,56.4,43.6,0.6,1.3,31.6,68.4,7,2,1,7,1,2,77.0,73.0,10,7,2,1,6,1,3,77.0,63.0,0.7,0.7,0.5000000000000002,-0.7000000000000001,,Aston Villa,,,,,,,,,,,,,33.0,24.0,25.0,30.1,43.0,12.0,12.8,13.1,17.3,0.37993703738270007,0.2725538142416458,0.543067664220031,
2037154,4007,周四007,2026-01-23,2026-01-22,01:45,欧罗巴联赛,欧罗巴,70,比尔森,比尔森,1594,波尔图,波尔图,937,,,1.86,3.28,3.5,1.0,4.0,3.28,1.74,Define,,周四,CC9933,,,0.4765304597605724,0.27022763876666606,0.2532419014727613,0.22328855828781108,0.2213191040516225,0.2699013464044177,0.5087795495439598,-0.2874604454923373,0,1.86,3.28,1.86,1.0,1.86,3.28,3.5,1.0,0.4765304597605724,0.27022763876666606,0.2532419014727613,0.22328855828781108,,4.0,3.28,1.74,4.0,3.28,1.74,0.2213191040516225,0.2699013464044177,0.5087795495439598,-0.2874604454923373,比尔森,波尔图,1.5,2.0,42.9,57.1,1.4,0.6,70.0,30.0,4,4,2,9,0,1,53.0,90.0,10,5,3,2,8,1,1,60.0,83.0,0.4,0.9,-0.5,0.7999999999999999,,Porto,,,,,,,,,,,,,36.0,4.0,30.6,8.2,49.0,15.3,3.3,15.2,4.9,-1.0109809721437597,0.02226656107591939,1.3131273995131423,
2037155,4008,周四008,2026-01-23,2026-01-22,01:45,欧罗巴联赛,欧罗巴,70,马尔默,马尔默,606,贝尔格莱德红星,贝红星,318,,,1.84,3.45,3.38,1.0,3.5,3.65,1.76,Define,,周四,CC9933,,,0.48129865198405164,0.25669261439149427,0.2620087336244542,0.21928991835959744,0.2533222918884814,0.24291178674237943,0.5037659213691392,-0.25044362948065785,0,1.84,3.45,1.84,1.0,1.84,3.45,3.38,1.0,0.48129865198405164,0.25669261439149427,0.2620087336244542,0.21928991835959744,,3.5,3.65,1.76,3.5,3.65,1.76,0.2533222918884814,0.24291178674237943,0.5037659213691392,-0.25044362948065785,马尔默,贝红星,1.0,2.1,32.3,67.7,1.7,0.8,68.0,32.0,3,2,5,7,1,2,37.0,73.0,10,3,3,4,4,2,4,40.0,47.0,0.3,0.7,-1.1,0.8999999999999999,Malm?,,,,,,,,,,,,,,,,,,,,,,,,,,
2037156,4009,周四009,2026-01-23,2026-01-22,01:45,欧罗巴联赛,欧罗巴,70,塞萨洛尼基,塞萨洛,333,皇家贝蒂斯,贝蒂斯,505,,,1.44,4.0,5.4,1.0,2.5,3.25,2.38,Define,,周四,CC9933,,,0.6147540983606558,0.2213114754098361,0.1639344262295082,0.45081967213114754,0.354653828519028,0.27281063732232924,0.3725355341586428,-0.01788170563961483,0,1.44,4.0,1.44,1.0,1.44,4.0,5.4,1.0,0.6147540983606558,0.2213114754098361,0.1639344262295082,0.45081967213114754,,2.5,3.25,2.38,2.5,3.25,2.38,0.354653828519028,0.27281063732232924,0.3725355341586428,-0.01788170563961483,塞萨洛,贝蒂斯,2.2,2.2,50.0,50.0,0.9,1.4,39.1,60.9,6,3,1,6,2,2,70.0,67.0,10,8,2,0,5,4,1,87.0,63.0,0.6,0.6,0.0,-0.4999999999999999,,Betis,,,,,,,,,,,,,31.0,25.0,29.3,23.7,29.0,15.7,10.9,13.6,12.8,1.5490488287174,1.249558813920199,0.715221038581455,
2037157,4010,周四010,2026-01-23,2026-01-22,04:00,欧罗巴联赛,欧罗巴,70,布拉加,布拉加,269,诺丁汉森林,诺丁汉,52,,,5.35,3.95,1.45,-1.0,2.33,3.14,2.62,Define,,周四,CC9933,,,0.16545100021665343,0.2240918610529356,0.610457138730411,-0.44500613851375753,0.38003289048208583,0.2819989282876624,0.33796818123025185,0.042064709251833976,0,5.35,3.95,5.35,-1.0,5.35,3.95,1.45,-1.0,0.16545100021665343,0.2240918610529356,0.610457138730411,-0.44500613851375753,,2.33,3.14,2.62,2.33,3.14,2.62,0.38003289048208583,0.2819989282876624,0.33796818123025185,0.042064709251833976,布拉加,诺丁汉,1.6,1.2,57.1,42.9,1.1,1.6,40.7,59.3,5,2,3,3,2,5,57.0,37.0,10,7,1,2,4,2,4,73.0,47.0,0.5,0.3,0.40000000000000013,-0.5,Braga,Nottham Forest,31.0,18.0,30.7,18.5,27.0,13.3,7.2,17.4,11.4,-2.4773338970263588,-0.015408335800128651,1.0898778245915708,,,,,,,,,,,,,
2037158,4011,周四011,2026-01-23,2026-01-22,04:00,欧罗巴联赛,欧罗巴,70,尼斯,尼斯,186,前进之鹰,前进之鹰,872,,,3.25,3.55,1.85,-1.0,1.75,3.73,3.45,Define,,周四,CC9933,,,0.2723126360526588,0.2493003006115891,0.4783870633357519,-0.2060744272830931,0.5059665401930525,0.23738376550612386,0.25664969430082374,0.2493168458922288,0,3.25,3.55,3.25,-1.0,3.25,3.55,1.85,-1.0,0.2723126360526588,0.2493003006115891,0.4783870633357519,-0.2060744272830931,,1.75,3.73,3.45,1.75,3.73,3.45,0.5059665401930525,0.23738376550612386,0.25664969430082374,0.2493168458922288,尼斯,前进之鹰,0.7,1.3,35.0,65.0,2.3,2.0,53.5,46.5,1,2,7,0,7,3,17.0,23.0,10,3,2,5,1,3,6,37.0,20.0,0.1,0.0,-0.6000000000000001,0.2999999999999998,Nice,Go Ahead Eag,20.0,30.0,20.7,30.8,18.0,12.8,13.9,7.8,16.9,-1.3499256820616,-0.972822270651911,-0.8212259696569422,28.0,31.0,23.9,32.8,20.0,13.4,12.9,10.5,19.9,-1.5490778407177235,-0.533504239039443,0.08625032760026076,-0.9074762972572029
2037159,4012,周四012,2026-01-23,2026-01-22,04:00,欧罗巴联赛,欧罗巴,70,乌德勒支,乌德勒支,255,亨克,亨克,230,,,1.5,3.95,4.78,1.0,2.62,3.3,2.25,Define,,周四,CC9933,,,0.5904741055791844,0.22423067300475355,0.18529522141606206,0.4051788841631224,0.33802239825184377,0.26836929800600934,0.39360830374214695,-0.05558590549030318,0,1.5,3.95,1.5,1.0,1.5,3.95,4.78,1.0,0.5904741055791844,0.22423067300475355,0.18529522141606206,0.4051788841631224,,2.62,3.3,2.25,2.62,3.3,2.25,0.33802239825184377,0.26836929800600934,0.39360830374214695,-0.05558590549030318,乌德勒支,亨克,1.2,1.4,46.2,53.8,1.5,2.0,42.9,57.1,1,4,5,2,3,5,23.0,30.0,10,3,3,4,4,3,3,40.0,50.0,0.1,0.2,-0.19999999999999996,-0.5,Utrecht,,28.0,23.0,23.0,25.4,23.0,14.8,11.1,8.3,14.3,-1.356687158093063,-0.5157186903303064,-0.15463196838269436,,,,,,,,,,,,,
2037160,4013,周四013,2026-01-23,2026-01-22,04:00,欧罗巴联赛,欧罗巴,70,维戈塞尔塔,塞尔塔,508,里尔,里尔,180,,,4.6,3.7,1.56,-1.0,2.13,3.1,2.96,Define,,周四,CC9933,,,0.19260544580886282,0.23945541911372129,0.5679391350774159,-0.37533368926855304,0.4155082005814216,0.28549434427046066,0.2989974551481176,0.11651074543330403,0,4.6,3.7,4.6,-1.0,4.6,3.7,1.56,-1.0,0.19260544580886282,0.23945541911372129,0.5679391350774159,-0.37533368926855304,,2.13,3.1,2.96,2.13,3.1,2.96,0.4155082005814216,0.28549434427046066,0.2989974551481176,0.11651074543330403,塞尔塔,里尔,1.5,1.6,48.4,51.6,0.6,1.3,31.6,68.4,5,3,2,6,0,4,60.0,60.0,10,5,2,3,5,0,5,57.0,50.0,0.5,0.6,-0.10000000000000009,-0.7000000000000001,Celta Vigo,Lille,25.0,20.0,24.4,24.8,29.0,13.1,12.4,11.3,12.4,-0.7947936735459054,-0.3177872695603871,-0.2596441967711326,33.0,22.0,29.6,23.0,32.0,17.0,9.3,12.6,13.7,-2.373193596485508,0.8140305014872784,1.5338297761725657,-1.7934739729436981
2037161,4014,周四014,2026-01-23,2026-01-22,04:00,欧罗巴联赛,欧罗巴,70,罗马,罗马,132,斯图加特,斯图加特,152,,,3.45,3.45,1.82,-1.0,1.78,3.6,3.45,Define,,周四,CC9933,,,0.2566995768688294,0.2566995768688294,0.4866008462623413,-0.2299012693935119,0.4974167968280668,0.24594497176498858,0.2566382314069446,0.2407785654211222,0,3.45,3.45,3.45,-1.0,3.45,3.45,1.82,-1.0,0.2566995768688294,0.2566995768688294,0.4866008462623413,-0.2299012693935119,,1.78,3.6,3.45,1.78,3.6,3.45,0.4974167968280668,0.24594497176498858,0.2566382314069446,0.2407785654211222,罗马,斯图加特,1.6,2.2,42.1,57.9,0.8,1.4,36.4,63.6,6,0,4,6,2,2,60.0,67.0,10,6,0,4,6,1,3,60.0,63.0,0.6,0.6,-0.6000000000000001,-0.5999999999999999,Roma,Stuttgart,24.0,12.0,25.5,22.9,39.0,12.9,8.4,12.6,14.5,-0.7205914114639307,1.1646989578002178,0.8994578777465566,32.0,25.0,24.4,22.3,32.0,10.3,10.0,14.1,12.3,-2.844003829040884,0.03710089074054103,1.340641802787929,-0.4411839250413724
